Date,Open,High,Low,Close,Volume,Dividends,Stock Splits,symbol
2020-08-10 00:00:00-04:00,44.81788845552181,44.88187455775841,44.004347881101296,44.616790771484375,699200,0.0,0.0,AOS
2020-08-11 00:00:00-04:00,45.00986401278907,46.07934932319413,45.00986401278907,45.49433135986328,1220500,0.0,0.0,AOS
2020-08-12 00:00:00-04:00,45.80512201991116,46.26216773396019,45.43034467387023,45.71371078491211,658600,0.0,0.0,AOS
2020-08-13 00:00:00-04:00,45.37550053008018,45.43948665475093,44.607663547048965,44.84532928466797,541500,0.0,0.0,AOS
2020-08-14 00:00:00-04:00,44.781340205575276,45.67714937884752,44.4705489832578,45.48518753051758,770500,0.0,0.0,AOS
2020-08-17 00:00:00-04:00,45.60401654859471,45.905668365564,45.31150759776604,45.43947982788086,666200,0.0,0.0,AOS
2020-08-18 00:00:00-04:00,45.512600733830105,45.74112352905482,45.17438448627111,45.25665283203125,617500,0.0,0.0,AOS
2020-08-19 00:00:00-04:00,45.32065386822041,45.57659834767562,45.1561171351472,45.210960388183594,658900,0.0,0.0,AOS
2020-08-20 00:00:00-04:00,44.927596705900484,45.03728670487269,44.598523222001674,44.88188934326172,710100,0.0,0.0,AOS
2020-08-21 00:00:00-04:00,44.909314421257264,44.909314421257264,44.43398644345955,44.74477767944336,719200,0.0,0.0,AOS
2020-08-24 00:00:00-04:00,44.98243415633835,45.5583126788368,44.90930866212206,45.43947982788086,478500,0.0,0.0,AOS
2020-08-25 00:00:00-04:00,45.649727070424234,45.649727070424234,44.817903966482994,45.247528076171875,491700,0.0,0.0,AOS
2020-08-26 00:00:00-04:00,45.23837946839125,45.512606157946564,44.87274155766314,45.2292366027832,688100,0.0,0.0,AOS
2020-08-27 00:00:00-04:00,45.58574054379406,45.58574054379406,44.808764190599646,44.97330093383789,772100,0.0,0.0,AOS
2020-08-28 00:00:00-04:00,45.07384111747724,45.19267047020655,44.65335648934265,45.119544982910156,780600,0.0,0.0,AOS
2020-08-31 00:00:00-04:00,45.16525282705734,45.476044021153534,44.61679941958486,44.76305389404297,1196800,0.0,0.0,AOS
2020-09-01 00:00:00-04:00,44.735633976434116,45.11041132867973,44.34257437688602,45.092132568359375,778000,0.0,0.0,AOS
2020-09-02 00:00:00-04:00,45.14696637384793,46.1250437344316,45.01899415649775,45.878238677978516,902400,0.0,0.0,AOS
2020-09-03 00:00:00-04:00,45.82339537169869,46.070200427813354,44.3425650350107,44.580230712890625,632900,0.0,0.0,AOS
2020-09-04 00:00:00-04:00,44.87275785323498,45.24753527869028,44.20547138776496,44.43399429321289,568400,0.0,0.0,AOS
2020-09-08 00:00:00-04:00,44.15061081248042,44.16889305763039,43.163393983254046,43.199954986572266,1094400,0.0,0.0,AOS
2020-09-09 00:00:00-04:00,43.556458337178185,44.23288404737199,43.556458337178185,44.10491180419922,1159300,0.0,0.0,AOS
2020-09-10 00:00:00-04:00,44.178041794028275,44.625944655283405,43.87638993944316,44.25116729736328,811500,0.0,0.0,AOS
2020-09-11 00:00:00-04:00,44.424830220493355,44.97328702398187,44.424830220493355,44.5893669128418,684800,0.0,0.0,AOS
2020-09-14 00:00:00-04:00,44.68992932081743,45.82340422489176,44.616803819867314,45.57659912109375,782800,0.0,0.0,AOS
2020-09-15 00:00:00-04:00,45.71370696653174,46.45412221675922,45.67714596256806,46.426700592041016,931400,0.0,0.0,AOS
2020-09-16 00:00:00-04:00,46.71006893421915,47.7064286951979,46.53639282431715,47.304229736328125,924600,0.0,0.0,AOS
2020-09-17 00:00:00-04:00,47.50533548789198,49.534616209027426,46.892892381044135,48.611385345458984,1948000,0.0,0.0,AOS
2020-09-18 00:00:00-04:00,48.67537244348477,49.38836269865357,48.510835694294684,48.66623306274414,2328700,0.0,0.0,AOS
2020-09-21 00:00:00-04:00,47.962375419981,48.18175539662117,46.92031181348553,47.42306137084961,1325900,0.0,0.0,AOS
2020-09-22 00:00:00-04:00,47.36821804516364,48.31887397769907,47.313371303562015,48.13605499267578,1096400,0.0,0.0,AOS
2020-09-23 00:00:00-04:00,48.21832114802653,49.1141302978364,47.32251199821667,47.34993362426758,1337400,0.0,0.0,AOS
2020-09-24 00:00:00-04:00,47.44134682556285,48.693651113950736,47.295092335583114,48.44684600830078,1735700,0.0,0.0,AOS
2020-09-25 00:00:00-04:00,48.06293638560269,48.35544540880826,47.532761601678466,47.67901611328125,1911100,0.0,0.0,AOS
2020-09-28 00:00:00-04:00,48.26401924182338,49.03185606215386,48.18175088653863,48.7119255065918,1719800,0.0,0.0,AOS
2020-09-29 00:00:00-04:00,48.739350796515595,49.781414383873084,48.647943055757914,49.11412811279297,916700,0.0,0.0,AOS
2020-09-30 00:00:00-04:00,49.095841939940875,49.3792114927931,48.190893523090885,48.26401901245117,1353600,0.0,0.0,AOS
2020-10-01 00:00:00-04:00,48.73935517174126,49.424923749911265,48.40114231619904,48.98616027832031,959800,0.0,0.0,AOS
2020-10-02 00:00:00-04:00,48.273172873651774,49.53461662004603,48.072071629886466,48.93131637573242,704400,0.0,0.0,AOS
2020-10-05 00:00:00-04:00,49.40663420891524,50.47612284620459,49.32436585220068,50.46697998046875,825900,0.0,0.0,AOS
2020-10-06 00:00:00-04:00,50.27502971691956,50.46698808441754,48.794202545248936,48.99530029296875,1246600,0.0,0.0,AOS
2020-10-07 00:00:00-04:00,49.26953003422412,49.79056187631334,49.19640104523793,49.43406677246094,1352100,0.0,0.0,AOS
2020-10-08 00:00:00-04:00,49.78141338130437,52.11234559349963,49.4980472984733,51.87468338012695,2232600,0.0,0.0,AOS
2020-10-09 00:00:00-04:00,52.04836313599747,52.679088434578546,51.65530355447017,52.276885986328125,1684000,0.0,0.0,AOS
2020-10-12 00:00:00-04:00,52.286020247634774,53.062996416088765,51.51818345741775,51.63701629638672,1266800,0.0,0.0,AOS
2020-10-13 00:00:00-04:00,51.23482004189611,51.69186572199684,50.34815379364831,50.45784378051758,1406000,0.0,0.0,AOS
2020-10-14 00:00:00-04:00,50.79606246948242,51.25310820232785,50.43042448841319,50.79606246948242,1005000,0.0,0.0,AOS
2020-10-15 00:00:00-04:00,50.275028184892896,51.08856899214949,50.101352070113165,51.03372573852539,893200,0.0,0.0,AOS
2020-10-16 00:00:00-04:00,51.35365844005124,51.691871303489826,50.45784922876552,50.613243103027344,1155200,0.0,0.0,AOS
2020-10-19 00:00:00-04:00,50.64067066317203,50.75036066718169,50.00994529440618,50.238468170166016,835200,0.0,0.0,AOS
2020-10-20 00:00:00-04:00,50.649796671328716,51.134263924195764,50.32072325919962,50.39385223388672,585500,0.0,0.0,AOS
2020-10-21 00:00:00-04:00,50.540120009101095,50.62238838380376,49.57118176115661,50.101356506347656,1682500,0.0,0.0,AOS
2020-10-22 00:00:00-04:00,50.31159333022395,50.384718831663825,49.881969240700116,50.1927604675293,1118900,0.0,0.0,AOS
2020-10-23 00:00:00-04:00,50.2750342544951,50.2750342544951,49.77228460934664,50.2110481262207,774000,0.0,0.0,AOS
2020-10-26 00:00:00-04:00,49.70828544341411,49.71742482206372,48.69364355121174,49.29694366455078,817200,0.0,0.0,AOS
2020-10-27 00:00:00-04:00,49.38836134314132,49.43406870653702,48.44684823849174,48.47426986694336,764800,0.0,0.0,AOS
2020-10-28 00:00:00-04:00,47.77041503126979,48.77591766349142,47.020860362204154,47.03914260864258,1270500,0.0,0.0,AOS
2020-10-29 00:00:00-04:00,48.702046925315365,50.53032759301683,48.08649734416031,49.0419807434082,1686900,0.26,0.0,AOS
2020-10-30 00:00:00-04:00,48.97766918641522,49.40028562620101,46.89214435787784,47.48931884765625,1448700,0.0,0.0,AOS
2020-11-02 00:00:00-05:00,47.92112522801915,48.610175151833474,47.74656717567428,48.555049896240234,1062600,0.0,0.0,AOS
2020-11-03 00:00:00-05:00,49.10629053920681,49.786151148710395,48.729610065106435,48.96847915649414,908800,0.0,0.0,AOS
2020-11-04 00:00:00-05:00,48.78473493281865,49.051168420593065,47.72819378167932,48.159996032714844,678100,0.0,0.0,AOS
2020-11-05 00:00:00-05:00,48.77555311039934,50.00665592491512,48.77555311039934,49.44622802734375,674900,0.0,0.0,AOS
2020-11-06 00:00:00-05:00,49.74021740276777,50.383331376229854,49.161414476182976,50.1260871887207,943100,0.0,0.0,AOS
2020-11-09 00:00:00-05:00,51.83493155552232,52.7352932814962,48.75717637557355,48.81230163574219,1425100,0.0,0.0,AOS
2020-11-10 00:00:00-05:00,48.68367129964483,50.75082089305035,48.68367129964483,50.30064010620117,886800,0.0,0.0,AOS
2020-11-11 00:00:00-05:00,50.53033199278478,50.66814339100451,49.813721133296816,50.364959716796875,755100,0.0,0.0,AOS
2020-11-12 00:00:00-05:00,50.07096687447799,50.2363391555395,49.19816950325101,49.69428634643555,583100,0.0,0.0,AOS
2020-11-13 00:00:00-05:00,50.2914586802298,51.10913069626011,50.116897123084584,50.59463882446289,827200,0.0,0.0,AOS
2020-11-16 00:00:00-05:00,50.989697476929535,51.87168059216179,50.484394869537475,51.816558837890625,935200,0.0,0.0,AOS
2020-11-17 00:00:00-05:00,51.62362187451121,52.01867746630415,50.925386121975635,51.79818344116211,934500,0.0,0.0,AOS
2020-11-18 00:00:00-05:00,51.79817356917866,52.505598482338975,51.56849029236123,51.899234771728516,911200,0.0,0.0,AOS
2020-11-19 00:00:00-05:00,51.7798073402628,52.34023519227466,51.3020656222312,52.000301361083984,615900,0.0,0.0,AOS
2020-11-20 00:00:00-05:00,51.871679743923636,52.10136306213586,50.732452448217,51.504188537597656,850800,0.0,0.0,AOS
2020-11-23 00:00:00-05:00,52.009487879785205,53.001717929888095,51.69711844639023,52.81797409057617,1169700,0.0,0.0,AOS
2020-11-24 00:00:00-05:00,53.12114904133144,53.892885007015934,52.87309067685906,53.24977111816406,1071300,0.0,0.0,AOS
2020-11-25 00:00:00-05:00,52.95578161698649,52.95578161698649,51.651182142186826,51.78899002075195,956400,0.0,0.0,AOS
2020-11-27 00:00:00-05:00,52.19323722556746,52.707725602875676,52.082986712124935,52.4412956237793,305800,0.0,0.0,AOS
2020-11-30 00:00:00-05:00,52.12892320081083,52.294291952150346,51.256125961702246,51.73386764526367,2645800,0.0,0.0,AOS
2020-12-01 00:00:00-05:00,52.20242198027427,52.413730203146095,50.456827436983026,50.585453033447266,1888900,0.0,0.0,AOS
2020-12-02 00:00:00-05:00,50.383331610550734,50.87025911194027,50.208773554599006,50.410892486572266,1314000,0.0,0.0,AOS
2020-12-03 00:00:00-05:00,50.57626599929481,50.64976634341704,50.227146374092825,50.49357986450195,1461700,0.0,0.0,AOS
2020-12-04 00:00:00-05:00,50.78757196136993,50.88863317767583,50.420080771253815,50.585453033447266,983300,0.0,0.0,AOS
2020-12-07 00:00:00-05:00,50.668142583604244,51.044823094087725,50.34658382777874,50.81513977050781,675100,0.0,0.0,AOS
2020-12-08 00:00:00-05:00,50.530337792836164,51.54094314681695,50.42927655650011,51.53175735473633,1266700,0.0,0.0,AOS
2020-12-09 00:00:00-05:00,51.5225662331221,53.047663403106526,51.50419114617174,52.98334884643555,1055200,0.0,0.0,AOS
2020-12-10 00:00:00-05:00,52.70772259222168,53.029281314361164,51.41230892312418,51.73386764526367,827400,0.0,0.0,AOS
2020-12-11 00:00:00-05:00,51.56849221305937,52.04623386719602,51.246933510725135,51.77980041503906,717000,0.0,0.0,AOS
2020-12-14 00:00:00-05:00,52.19324880690213,52.588304472675006,50.87945968671606,50.907020568847656,871800,0.0,0.0,AOS
2020-12-15 00:00:00-05:00,51.02644389476563,51.89924115495729,50.77838550473079,51.83492660522461,667700,0.0,0.0,AOS
2020-12-16 00:00:00-05:00,51.73386209256053,52.27591476143241,50.511945388021566,50.60382080078125,1198800,0.0,0.0,AOS
2020-12-17 00:00:00-05:00,50.87026059261069,51.26531618230112,50.23633589283944,50.76919937133789,1760900,0.0,0.0,AOS
2020-12-18 00:00:00-05:00,50.77839012397892,51.17344572500667,49.84128173349608,51.11832046508789,1762400,0.0,0.0,AOS
2020-12-21 00:00:00-05:00,50.1812182347563,51.568507656486695,49.88722382181142,51.28369903564453,769600,0.0,0.0,AOS
2020-12-22 00:00:00-05:00,51.228563732119504,51.393935995087055,50.78757219910244,50.8610725402832,865700,0.0,0.0,AOS
2020-12-23 00:00:00-05:00,50.943759060946135,50.998880812563634,50.26389491858702,50.63138961791992,797300,0.0,0.0,AOS
2020-12-24 00:00:00-05:00,50.980502770460205,50.98968855966917,50.3833248359039,50.9713134765625,215000,0.0,0.0,AOS
2020-12-28 00:00:00-05:00,51.33881002347613,51.540928935729276,50.99887623049383,51.099937438964844,485900,0.0,0.0,AOS
2020-12-29 00:00:00-05:00,51.21938039511925,51.34800249365715,49.87803064652498,50.26389694213867,561400,0.0,0.0,AOS
2020-12-30 00:00:00-05:00,50.36495816375826,50.86107497642387,50.09852467125014,50.26389694213867,536200,0.0,0.0,AOS
2020-12-31 00:00:00-05:00,50.208776736524655,50.410895681306975,49.639159561593225,50.364959716796875,728900,0.0,0.0,AOS
2021-01-04 00:00:00-05:00,50.254700122309245,51.08155779059729,49.21653076172497,49.5380859375,1484700,0.0,0.0,AOS
2021-01-05 00:00:00-05:00,49.280850549022965,50.14446203965989,49.234914587852515,49.85965347290039,755000,0.0,0.0,AOS
2021-01-06 00:00:00-05:00,50.3925157982371,52.26673241125364,50.1260858275614,51.57768249511719,1386900,0.0,0.0,AOS
2021-01-07 00:00:00-05:00,52.11054767503606,52.340230972609824,51.41230848778598,52.21160888671875,1073000,0.0,0.0,AOS
2021-01-08 00:00:00-05:00,52.459661985052605,52.67097369578115,50.97131524855772,51.59605407714844,804000,0.0,0.0,AOS
2021-01-11 00:00:00-05:00,51.08156489534869,52.71691238661385,50.92538193244605,52.27592086791992,749900,0.0,0.0,AOS
2021-01-12 00:00:00-05:00,52.257548417768874,54.177701056940144,51.83492845777803,54.00313949584961,1028600,0.0,0.0,AOS
2021-01-13 00:00:00-05:00,54.02151599706226,54.0490803785663,53.369216211392114,53.58052444458008,909700,0.0,0.0,AOS
2021-01-14 00:00:00-05:00,53.38759416234285,53.773460477212325,51.93599382425784,52.753665924072266,1096800,0.0,0.0,AOS
2021-01-15 00:00:00-05:00,52.5607249756548,52.5607249756548,51.22856114878917,52.21160888671875,1095200,0.0,0.0,AOS
2021-01-19 00:00:00-05:00,52.64340847262209,53.20383625145034,52.41372518652454,52.551536560058594,1275200,0.0,0.0,AOS
2021-01-20 00:00:00-05:00,52.7169175214222,53.22222013343412,52.23917578679783,53.13953399658203,922600,0.0,0.0,AOS
2021-01-21 00:00:00-05:00,52.882292564428376,53.68158959272933,52.882292564428376,53.32328414916992,788300,0.0,0.0,AOS
2021-01-22 00:00:00-05:00,53.11196805915913,53.36921223610686,52.413728857888074,53.0660285949707,1155500,0.0,0.0,AOS
2021-01-25 00:00:00-05:00,52.92822832753855,53.00172517236856,51.78899744281211,52.2943000793457,1919200,0.0,0.0,AOS
2021-01-26 00:00:00-05:00,52.40454823455458,52.82716471111807,49.99746446694988,50.0617790222168,1877400,0.0,0.0,AOS
2021-01-27 00:00:00-05:00,49.34516575801839,49.740221365848996,47.84763297034279,48.86742401123047,3431100,0.0,0.0,AOS
2021-01-28 00:00:00-05:00,51.22169649226603,55.81023103072154,50.54772721864597,52.54193878173828,3501900,0.26,0.0,AOS
2021-01-29 00:00:00-05:00,51.99722866591311,52.44962087933603,49.74450907740146,50.13227081298828,2704900,0.0,0.0,AOS
2021-02-01 00:00:00-05:00,50.76007298867903,51.867969074900046,50.68621512794673,51.7294807434082,1698600,0.0,0.0,AOS
2021-02-02 00:00:00-05:00,52.477315077872206,53.372865034735476,52.20957282987527,52.98509979248047,1455100,0.0,0.0,AOS
2021-02-03 00:00:00-05:00,52.846609418500904,53.45595171636424,52.6250288002304,52.82814407348633,813900,0.0,0.0,AOS
2021-02-04 00:00:00-05:00,53.086648761095084,54.26840259781097,52.92046418756888,54.1391487121582,975400,0.0,0.0,AOS
2021-02-05 00:00:00-05:00,54.24994101119373,55.431698451661696,54.07452551450211,55.39476776123047,931000,0.0,0.0,AOS
2021-02-08 00:00:00-05:00,55.67174990292214,56.70578474896417,55.59789203201452,56.66885757446289,865600,0.0,0.0,AOS
2021-02-09 00:00:00-05:00,56.55804925327139,57.20432216728388,56.28107615352434,56.61344528198242,789200,0.0,0.0,AOS
2021-02-10 00:00:00-05:00,56.678087411438085,56.908898976737575,55.69021419370866,56.52113723754883,895800,0.0,0.0,AOS
2021-02-11 00:00:00-05:00,56.899669254215276,56.96429621209886,55.745611403572696,56.40111541748047,874300,0.0,0.0,AOS
2021-02-12 00:00:00-05:00,56.31802001221689,56.5765278295257,55.41323912973117,55.73637390136719,1063200,0.0,0.0,AOS
2021-02-16 00:00:00-05:00,55.70867501168009,55.77330196295649,54.563848191246585,54.582313537597656,850100,0.0,0.0,AOS
2021-02-17 00:00:00-05:00,54.314566734870006,55.08085912389145,54.10221704439593,54.7115592956543,715100,0.0,0.0,AOS
2021-02-18 00:00:00-05:00,54.35149858083465,54.83158699012572,53.37285993896451,53.686763763427734,780300,0.0,0.0,AOS
2021-02-19 00:00:00-05:00,54.17608158981231,55.440927764415996,54.04682769893514,55.06239700317383,1024200,0.0,0.0,AOS
2021-02-22 00:00:00-05:00,54.98855549080219,57.13971771816548,54.646951795485634,57.102787017822266,1216200,0.0,0.0,AOS
2021-02-23 00:00:00-05:00,57.04738743537297,57.33359152288049,56.15183743326364,57.01968765258789,1103500,0.0,0.0,AOS
2021-02-24 00:00:00-05:00,57.18587061914543,57.509008915053315,56.23492812258958,56.594993591308594,1393200,0.0,0.0,AOS
2021-02-25 00:00:00-05:00,56.71500114153175,57.02890491731471,55.32089773188533,55.60710525512695,1179200,0.0,0.0,AOS
2021-02-26 00:00:00-05:00,55.92101396511737,56.21645242463956,54.72079478307044,54.81311798095703,1419700,0.0,0.0,AOS
2021-03-01 00:00:00-05:00,55.66251279990379,56.58575897596361,55.59788584933197,56.013343811035156,1083400,0.0,0.0,AOS
2021-03-02 00:00:00-05:00,56.17029802040038,56.29955192275909,55.21012114301463,56.24415588378906,1175400,0.0,0.0,AOS
2021-03-03 00:00:00-05:00,56.41958549268092,58.21068215905456,56.133377853856615,57.222808837890625,1094100,0.0,0.0,AOS
2021-03-04 00:00:00-05:00,56.95505787929446,57.693657670683514,55.72714224163407,56.354949951171875,1317100,0.0,0.0,AOS
2021-03-05 00:00:00-05:00,56.99198689667778,57.767513837298296,56.40110989847257,57.68442153930664,1766500,0.0,0.0,AOS
2021-03-08 00:00:00-05:00,58.09988497576482,59.281639011767126,57.4259156569882,58.82925033569336,2462000,0.0,0.0,AOS
2021-03-09 00:00:00-05:00,58.51534336770317,59.429358627624495,58.20143952834586,58.524574279785156,1385000,0.0,0.0,AOS
2021-03-10 00:00:00-05:00,58.635358577400474,60.334131551432854,58.40454705115642,60.00176239013672,997300,0.0,0.0,AOS
2021-03-11 00:00:00-05:00,60.047930967615066,60.472623355080664,59.872511943558486,59.99253845214844,1036600,0.0,0.0,AOS
2021-03-12 00:00:00-05:00,60.23257947578966,60.777298390783216,59.40165649585594,59.4385871887207,913000,0.0,0.0,AOS
2021-03-15 00:00:00-04:00,59.30010036412385,60.27873898042637,58.65382386498487,60.26950454711914,881100,0.0,0.0,AOS
2021-03-16 00:00:00-04:00,60.03869744330725,60.69420138022644,59.79865146630003,60.59264373779297,833300,0.0,0.0,AOS
2021-03-17 00:00:00-04:00,60.73113389749099,61.96828746803768,60.44492982956423,61.5989875793457,1305100,0.0,0.0,AOS
2021-03-18 00:00:00-04:00,61.42356539727425,62.928461133849346,61.29431149943223,62.28218460083008,1622300,0.0,0.0,AOS
2021-03-19 00:00:00-04:00,62.337601915410005,62.753067075592455,61.86675126187329,62.30067825317383,1940000,0.0,0.0,AOS
2021-03-22 00:00:00-04:00,61.8944475304564,62.57764798281685,61.534381951252115,62.30067825317383,1491700,0.0,0.0,AOS
2021-03-23 00:00:00-04:00,61.88518552050432,63.21466217065054,60.352600643304704,60.583412170410156,1319600,0.0,0.0,AOS
2021-03-24 00:00:00-04:00,60.85116818646716,61.75594563336604,60.23258780025298,60.25105667114258,982700,0.0,0.0,AOS
2021-03-25 00:00:00-04:00,59.99253465756217,61.894419368918406,59.34625816148929,61.60821533203125,998000,0.0,0.0,AOS
2021-03-26 00:00:00-04:00,62.2083221582707,64.24869527522544,62.2083221582707,64.1563720703125,1249000,0.0,0.0,AOS
2021-03-29 00:00:00-04:00,64.02712778690892,64.74725875467396,63.547042823002236,63.907108306884766,732700,0.0,0.0,AOS
2021-03-30 00:00:00-04:00,63.78706048479816,64.59952144386894,63.694737296851315,63.879390716552734,912700,0.0,0.0,AOS
2021-03-31 00:00:00-04:00,63.620900082570905,63.9901929336735,62.37451205676595,62.420677185058594,2079800,0.0,0.0,AOS
2021-04-01 00:00:00-04:00,62.29141335969251,62.83612515900062,61.63590949640936,62.66071319580078,1180400,0.0,0.0,AOS
2021-04-05 00:00:00-04:00,61.36817205214925,62.92846028275136,61.32200692762612,62.76227569580078,940600,0.0,0.0,AOS
2021-04-06 00:00:00-04:00,62.937694775525806,63.731687109029046,62.623794433531884,63.61166763305664,956700,0.0,0.0,AOS
2021-04-07 00:00:00-04:00,63.620906729053985,63.70399551608948,62.208333955157386,62.226802825927734,730000,0.0,0.0,AOS
2021-04-08 00:00:00-04:00,62.09754241901608,62.30988510402108,61.42356958250929,61.70054626464844,1201200,0.0,0.0,AOS
2021-04-09 00:00:00-04:00,61.9036499053276,62.337569628070284,61.377399943380475,62.10675811767578,1626900,0.0,0.0,AOS
2021-04-12 00:00:00-04:00,62.28219071242398,63.196202520799154,62.18986749687868,63.159278869628906,825700,0.0,0.0,AOS
2021-04-13 00:00:00-04:00,62.937672977224125,62.937672977224125,62.00519966510087,62.45758819580078,701500,0.0,0.0,AOS
2021-04-14 00:00:00-04:00,62.291418231997845,62.72534504508028,61.922118367003705,62.13446807861328,858600,0.0,0.0,AOS
2021-04-15 00:00:00-04:00,62.42991128116287,62.55916518711026,61.829799835658804,62.37451171875,795200,0.0,0.0,AOS
2021-04-16 00:00:00-04:00,62.76228383302663,63.10388044107368,62.3375843550163,62.99309539794922,644100,0.0,0.0,AOS
2021-04-19 00:00:00-04:00,63.14079805207559,63.26081750519216,61.9775060336675,62.66071319580078,659200,0.0,0.0,AOS
2021-04-20 00:00:00-04:00,62.58687615064345,62.86384585254103,61.3404948825762,61.959068298339844,734700,0.0,0.0,AOS
2021-04-21 00:00:00-04:00,62.10677950992678,62.75305618792189,61.71901772941615,62.71612548828125,711900,0.0,0.0,AOS
2021-04-22 00:00:00-04:00,63.15927259876939,63.648591932005544,62.39297660258753,62.5499267578125,942900,0.0,0.0,AOS
2021-04-23 00:00:00-04:00,62.688417190001374,63.58396711388573,62.37450982522313,63.11310958862305,743100,0.0,0.0,AOS
2021-04-26 00:00:00-04:00,63.40854640346379,64.23023492045299,62.61455414420087,62.68841552734375,1440000,0.0,0.0,AOS
2021-04-27 00:00:00-04:00,62.47607925531975,62.956171305245114,62.014456077058824,62.891544342041016,1335400,0.0,0.0,AOS
2021-04-28 00:00:00-04:00,62.94692733962789,62.94692733962789,61.41433523879766,61.432804107666016,1054300,0.0,0.0,AOS
2021-04-29 00:00:00-04:00,61.45134401160193,63.94461383020678,61.24743194411913,63.40703582763672,1692200,0.26,0.0,AOS
2021-04-30 00:00:00-04:00,63.351418849586416,63.963155051107805,62.44309227764598,62.7952995300293,2278900,0.0,0.0,AOS
2021-05-03 00:00:00-04:00,63.629481013391626,65.47394610406873,63.147505758533654,65.14954376220703,1760800,0.0,0.0,AOS
2021-05-04 00:00:00-04:00,64.69538116250338,66.33593420652862,64.43585221484987,66.29885864257812,1041500,0.0,0.0,AOS
2021-05-05 00:00:00-04:00,66.52130876732514,66.7344915043983,65.04759214089478,66.01153564453125,1183400,0.0,0.0,AOS
2021-05-06 00:00:00-04:00,66.31739780087554,66.31739780087554,65.52029088049674,66.12274932861328,725500,0.0,0.0,AOS
2021-05-07 00:00:00-04:00,65.7149325679292,66.49349817461174,65.07539148283955,65.92810821533203,848800,0.0,0.0,AOS
2021-05-10 00:00:00-04:00,66.12275618252548,67.70770660046469,66.03934146128724,66.9662094116211,894400,0.0,0.0,AOS
2021-05-11 00:00:00-04:00,66.30813361488882,66.35447276926081,65.44614614342795,65.6871337890625,891900,0.0,0.0,AOS
2021-05-12 00:00:00-04:00,65.57589770428626,65.72419994850952,63.38848910207471,63.48117446899414,1482100,0.0,0.0,AOS
2021-05-13 00:00:00-04:00,63.629479979618324,66.37300799562487,63.46264348202276,65.86322784423828,801700,0.0,0.0,AOS
2021-05-14 00:00:00-04:00,65.96519711518984,66.79937977060655,65.63152405302316,66.52131652832031,728500,0.0,0.0,AOS
2021-05-17 00:00:00-04:00,66.54912126052336,66.95693834762656,65.14954868397052,65.6871337890625,979900,0.0,0.0,AOS
2021-05-18 00:00:00-04:00,65.84469862341973,65.97445956795893,63.77778002721779,63.833396911621094,872000,0.0,0.0,AOS
2021-05-19 00:00:00-04:00,63.33288440516046,63.722167220488934,62.44309208236362,63.60167694091797,819500,0.0,0.0,AOS
2021-05-20 00:00:00-04:00,63.805597205522126,64.12073603961494,63.388509385204344,63.88901901245117,609700,0.0,0.0,AOS
2021-05-21 00:00:00-04:00,64.06511517428936,64.94563689717614,64.0002347007234,64.20413970947266,3089900,0.0,0.0,AOS
2021-05-24 00:00:00-04:00,64.77878754500169,64.77878754500169,63.94460514202227,64.12071228027344,711000,0.0,0.0,AOS
2021-05-25 00:00:00-04:00,64.25048329894213,65.02905602122577,63.94461519120781,64.10218811035156,749800,0.0,0.0,AOS
2021-05-26 00:00:00-04:00,64.12998857553505,64.96416398040618,64.12998857553505,64.84367370605469,683000,0.0,0.0,AOS
2021-05-27 00:00:00-04:00,65.39051088509815,66.00223981343994,65.33489402147546,65.90028381347656,1514200,0.0,0.0,AOS
2021-05-28 00:00:00-04:00,66.2525321167137,66.37302241893363,65.55738107091125,65.87251281738281,901800,0.0,0.0,AOS
2021-06-01 00:00:00-04:00,66.80863016899194,66.83643507049935,65.67785036475838,66.30812072753906,694000,0.0,0.0,AOS
2021-06-02 00:00:00-04:00,66.25252753834631,66.60473483149453,65.64079126602185,66.03934478759766,1120500,0.0,0.0,AOS
2021-06-03 00:00:00-04:00,65.70565577169225,66.19689455927478,63.55532282415366,63.79631042480469,1694400,0.0,0.0,AOS
2021-06-04 00:00:00-04:00,63.92609299662926,64.27830032344556,63.573878598370655,64.000244140625,1858500,0.0,0.0,AOS
2021-06-07 00:00:00-04:00,64.21340610038563,64.31536213370336,62.86017983350742,63.21238708496094,1199200,0.0,0.0,AOS
2021-06-08 00:00:00-04:00,63.434831170981575,63.675811694917705,62.79529015963161,63.388484954833984,1074000,0.0,0.0,AOS
2021-06-09 00:00:00-04:00,63.184582863720344,63.5738656834524,62.74895382054554,63.43484115600586,1205700,0.0,0.0,AOS
2021-06-10 00:00:00-04:00,63.666564811572,64.01877210379901,62.813840882249245,62.83238220214844,810100,0.0,0.0,AOS
2021-06-11 00:00:00-04:00,63.091892105720476,63.94460880136888,63.02701164130028,63.89826965332031,1143000,0.0,0.0,AOS
2021-06-14 00:00:00-04:00,63.833411196792696,64.12073805665258,63.30509664109789,63.805599212646484,1026400,0.0,0.0,AOS
2021-06-15 00:00:00-04:00,63.990950329226486,64.6212206822875,63.51824579657079,64.19486236572266,948900,0.0,0.0,AOS
2021-06-16 00:00:00-04:00,64.0836328649586,64.19485953580958,63.277255412027706,63.37921142578125,866100,0.0,0.0,AOS
2021-06-17 00:00:00-04:00,63.35142305630186,63.62948627026501,61.256699506385594,61.92404556274414,1035700,0.0,0.0,AOS
2021-06-18 00:00:00-04:00,61.10840068709424,61.80355160933264,60.81180324313016,61.219627380371094,1676900,0.0,0.0,AOS
2021-06-21 00:00:00-04:00,61.803555542391294,62.925064919733686,61.78502129471943,62.6933479309082,654300,0.0,0.0,AOS
2021-06-22 00:00:00-04:00,62.84164217118114,63.268000527587624,62.27625222494985,62.95286178588867,813300,0.0,0.0,AOS
2021-06-23 00:00:00-04:00,63.147521026019774,63.694376881466106,62.795313694192274,63.15679168701172,879000,0.0,0.0,AOS
2021-06-24 00:00:00-04:00,63.48116189449139,63.56458365820264,62.600640476012316,62.81381607055664,761000,0.0,0.0,AOS
2021-06-25 00:00:00-04:00,63.09190099935871,64.2504859354946,63.09190099935871,64.20413970947266,1068100,0.0,0.0,AOS
2021-06-28 00:00:00-04:00,64.19486995743978,65.4924863756033,63.96315299246203,65.22369384765625,1067700,0.0,0.0,AOS
2021-06-29 00:00:00-04:00,65.65006233799386,66.48424495483427,65.43687958590733,66.35447692871094,910100,0.0,0.0,AOS
2021-06-30 00:00:00-04:00,66.37301236194966,67.03108773702326,65.98372953243138,66.79010009765625,1041000,0.0,0.0,AOS
2021-07-01 00:00:00-04:00,66.84569737987711,67.12375343166497,66.54910001510667,66.82715606689453,697100,0.0,0.0,AOS
2021-07-02 00:00:00-04:00,66.63253148381325,66.66960704767313,65.6407831327441,65.7890853881836,811100,0.0,0.0,AOS
2021-07-06 00:00:00-04:00,65.93738231696261,65.98372854087401,64.24121235055476,65.26077270507812,992700,0.0,0.0,AOS
2021-07-07 00:00:00-04:00,64.71391382856734,66.90132254814914,64.71391382856734,66.76229095458984,643500,0.0,0.0,AOS
2021-07-08 00:00:00-04:00,65.51102251872034,66.0856831542273,64.98270810612746,65.20515441894531,786800,0.0,0.0,AOS
2021-07-09 00:00:00-04:00,66.38228247623789,66.38228247623789,65.42760258581647,65.5759048461914,1198600,0.0,0.0,AOS
2021-07-12 00:00:00-04:00,65.63151977075219,66.21545112716503,65.131010210159,65.98373413085938,817300,0.0,0.0,AOS
2021-07-13 00:00:00-04:00,65.98373623662131,66.09495587267483,65.6315218652738,65.83543395996094,607700,0.0,0.0,AOS
2021-07-14 00:00:00-04:00,65.87249670905948,66.34520128461475,65.28857251909619,65.81688690185547,1107400,0.0,0.0,AOS
2021-07-15 00:00:00-04:00,65.42761536451066,66.14130775693485,64.92711281659437,65.59445190429688,757700,0.0,0.0,AOS
2021-07-16 00:00:00-04:00,65.92811332787356,66.03006936590847,64.76026482728633,64.7973403930664,845300,0.0,0.0,AOS
2021-07-19 00:00:00-04:00,63.76850872447992,64.29682309802733,63.166043228326494,63.89826965332031,704700,0.0,0.0,AOS
2021-07-20 00:00:00-04:00,64.28755831816945,65.34418716188033,64.18560228312359,65.06612396240234,1408700,0.0,0.0,AOS
2021-07-21 00:00:00-04:00,65.53881647344194,65.7890747210587,65.06611195017443,65.55735778808594,565700,0.0,0.0,AOS
2021-07-22 00:00:00-04:00,65.63149944672193,65.63149944672193,63.44409111325343,63.61092758178711,899400,0.0,0.0,AOS
2021-07-23 00:00:00-04:00,64.00023325536564,64.58415750427214,63.59240910419475,64.53781127929688,770900,0.0,0.0,AOS
2021-07-26 00:00:00-04:00,64.63976278196301,64.89002106496561,64.28755553976153,64.70464324951172,735300,0.0,0.0,AOS
2021-07-27 00:00:00-04:00,64.20413150782235,65.35345270908874,64.04656567378176,64.98270416259766,819200,0.0,0.0,AOS
2021-07-28 00:00:00-04:00,65.04758653486488,65.2607692535652,64.07437245572427,64.32463073730469,832100,0.0,0.0,AOS
2021-07-29 00:00:00-04:00,65.1247356712161,65.75737624451494,63.040746117186394,65.52478790283203,979100,0.26,0.0,AOS
2021-07-30 00:00:00-04:00,65.6364415989233,65.7387810507287,64.56653366516109,65.4317626953125,1110900,0.0,0.0,AOS
2021-08-02 00:00:00-04:00,65.52478803293083,66.12951914211368,64.92936244488298,64.97587585449219,616400,0.0,0.0,AOS
2021-08-03 00:00:00-04:00,65.16194131224103,66.82727445161557,64.4362669259505,66.65050506591797,759500,0.0,0.0,AOS
2021-08-04 00:00:00-04:00,66.44583784513446,66.75285616937171,66.07369506709232,66.53887176513672,805400,0.0,0.0,AOS
2021-08-05 00:00:00-04:00,66.97612997135269,67.29245377437265,66.23185161359966,66.37139892578125,647400,0.0,0.0,AOS
2021-08-06 00:00:00-04:00,66.79007361683676,67.15291088683193,66.20395351100612,66.67842864990234,546700,0.0,0.0,AOS
2021-08-09 00:00:00-04:00,66.38071266647083,66.81797989354303,65.87832098630487,66.43653869628906,516900,0.0,0.0,AOS
2021-08-10 00:00:00-04:00,66.65981199433573,67.0505586570521,66.3900086992129,66.88309478759766,566000,0.0,0.0,AOS
2021-08-11 00:00:00-04:00,67.10638787414216,67.68320953474738,66.53887173494286,67.21803283691406,1162100,0.0,0.0,AOS
2021-08-12 00:00:00-04:00,67.3668939159479,67.3668939159479,66.17603558719505,66.44583892822266,920200,0.0,0.0,AOS
2021-08-13 00:00:00-04:00,66.49236334723865,66.98544954850756,66.08300555084924,66.94823455810547,545500,0.0,0.0,AOS
2021-08-16 00:00:00-04:00,66.79006505778275,67.99022168090428,66.66912168262755,67.58086395263672,643000,0.0,0.0,AOS
2021-08-17 00:00:00-04:00,67.1715118869914,67.38549628972466,65.36663113790821,66.01787567138672,742900,0.0,0.0,AOS
2021-08-18 00:00:00-04:00,65.70156902380376,66.35281365737342,65.32012066840285,65.41315460205078,556700,0.0,0.0,AOS
2021-08-19 00:00:00-04:00,64.59444313419279,65.5806155628261,64.47349973571087,65.4317626953125,566700,0.0,0.0,AOS
2021-08-20 00:00:00-04:00,65.72016179461137,66.3434968518825,65.59921841124074,66.11090850830078,494000,0.0,0.0,AOS
2021-08-23 00:00:00-04:00,66.35279196849235,66.6505047176722,65.80388697076744,66.32488250732422,497400,0.0,0.0,AOS
2021-08-24 00:00:00-04:00,66.38070836590774,66.86449607014679,66.16673107590522,66.80867004394531,392800,0.0,0.0,AOS
2021-08-25 00:00:00-04:00,66.97613896659148,67.39480225346132,66.81798059285609,67.21803283691406,671200,0.0,0.0,AOS
2021-08-26 00:00:00-04:00,67.13429932313866,67.21802771531318,66.52026272172861,66.74354553222656,303200,0.0,0.0,AOS
2021-08-27 00:00:00-04:00,67.05986465058858,67.50643024026594,66.88309525990725,67.3389663696289,440300,0.0,0.0,AOS
2021-08-30 00:00:00-04:00,67.56226492486836,68.19490550638416,67.3389750033689,67.85997772216797,435400,0.0,0.0,AOS
2021-08-31 00:00:00-04:00,67.99950718387062,68.10184659649353,67.27383287474889,67.65528106689453,1335600,0.0,0.0,AOS
2021-09-01 00:00:00-04:00,67.66460588020446,67.79485478831383,66.28767972557719,67.54365539550781,633300,0.0,0.0,AOS
2021-09-02 00:00:00-04:00,67.804159879291,68.58566050282967,67.49714862171916,68.57635498046875,680500,0.0,0.0,AOS
2021-09-03 00:00:00-04:00,68.42749825496175,68.66938503843741,67.52505428374579,68.13908386230469,433700,0.0,0.0,AOS
2021-09-07 00:00:00-04:00,68.0367343728554,68.0367343728554,66.75284937227612,66.86449432373047,736400,0.0,0.0,AOS
2021-09-08 00:00:00-04:00,66.48304625508891,67.18081123312054,65.87831518785502,67.05986785888672,636700,0.0,0.0,AOS
2021-09-09 00:00:00-04:00,67.1715118869914,67.3761907683798,65.98996620538523,66.01787567138672,595600,0.0,0.0,AOS
2021-09-10 00:00:00-04:00,66.4737437462765,66.5481737174998,65.1619492191214,65.2270736694336,724900,0.0,0.0,AOS
2021-09-13 00:00:00-04:00,65.70155732307255,66.05508904718819,64.3246312169826,64.84562683105469,892600,0.0,0.0,AOS
2021-09-14 00:00:00-04:00,65.0875143930679,65.12472937590371,63.394271713215694,63.571041107177734,833300,0.0,0.0,AOS
2021-09-15 00:00:00-04:00,63.39426951495633,63.9710910818612,62.98491181598951,63.69198226928711,1109200,0.0,0.0,AOS
2021-09-16 00:00:00-04:00,63.617566476647,63.682690934349466,61.93362900031651,62.017364501953125,1117200,0.0,0.0,AOS
2021-09-17 00:00:00-04:00,61.77545767563992,61.8405821196994,60.42644119436213,60.73345947265625,2177400,0.0,0.0,AOS
2021-09-20 00:00:00-04:00,59.57052207947968,60.05430978187885,58.60295732173015,59.98918533325195,2042500,0.0,0.0,AOS
2021-09-21 00:00:00-04:00,60.37062327797099,60.40783826063072,58.90066695307277,59.39375305175781,1120300,0.0,0.0,AOS
2021-09-22 00:00:00-04:00,59.84032982467582,60.19386155796082,59.142564781431915,59.328636169433594,1279900,0.0,0.0,AOS
2021-09-23 00:00:00-04:00,59.68216497360166,60.528782776531884,59.50539557712985,59.93335723876953,690000,0.0,0.0,AOS
2021-09-24 00:00:00-04:00,59.561219461779764,60.05431270888223,59.403061092839124,59.59843444824219,1038600,0.0,0.0,AOS
2021-09-27 00:00:00-04:00,59.598431606070896,60.584610955213336,59.47748822936032,60.0543098449707,966300,0.0,0.0,AOS
2021-09-28 00:00:00-04:00,59.812423323459136,60.342724498689556,58.98440933227539,58.98440933227539,951400,0.0,0.0,AOS
2021-09-29 00:00:00-04:00,59.28211286327724,59.589131152964846,59.068132032138685,59.12395095825195,934000,0.0,0.0,AOS
2021-09-30 00:00:00-04:00,59.310024280513865,59.72868043622212,56.77016013720675,56.81667709350586,2082700,0.0,0.0,AOS
2021-10-01 00:00:00-04:00,57.03996789827032,57.52375208932479,56.18404092978425,57.20743179321289,1159100,0.0,0.0,AOS
2021-10-04 00:00:00-04:00,56.98414753767739,57.28186035109576,56.416631378030914,56.90971755981445,1249800,0.0,0.0,AOS
2021-10-05 00:00:00-04:00,57.86797667373488,59.57052138795697,57.132996706030376,59.22629165649414,1839900,0.0,0.0,AOS
2021-10-06 00:00:00-04:00,58.64016873413039,59.36584673842538,58.23081455020686,59.31002426147461,1234200,0.0,0.0,AOS
2021-10-07 00:00:00-04:00,59.78450778654382,60.77998557926477,59.78450778654382,60.15665054321289,1224000,0.0,0.0,AOS
2021-10-08 00:00:00-04:00,60.100825626672844,60.519488897424836,59.47749057910154,59.75659942626953,1223600,0.0,0.0,AOS
2021-10-11 00:00:00-04:00,59.812410651064155,60.51948110090955,59.66355072560958,59.69146728515625,1474300,0.0,0.0,AOS
2021-10-12 00:00:00-04:00,59.94266604442203,60.96605329991329,58.77972436817454,59.04022216796875,1786100,0.0,0.0,AOS
2021-10-13 00:00:00-04:00,59.30072162492731,59.728679747353105,58.686688581418586,59.22629165649414,904500,0.0,0.0,AOS
2021-10-14 00:00:00-04:00,59.68217179426988,60.80789855206697,59.36585149755652,60.72416305541992,934600,0.0,0.0,AOS
2021-10-15 00:00:00-04:00,61.3102929333274,61.66382468418429,60.87302568214207,61.12421798706055,720000,0.0,0.0,AOS
2021-10-18 00:00:00-04:00,60.686953655564125,61.38471868544796,60.2031659266129,61.04048538208008,718200,0.0,0.0,AOS
2021-10-19 00:00:00-04:00,61.36610489040635,61.36610489040635,60.47296654398222,60.94744873046875,624300,0.0,0.0,AOS
2021-10-20 00:00:00-04:00,61.49636174229988,62.19412683112636,61.1614339318205,62.017364501953125,1121500,0.0,0.0,AOS
2021-10-21 00:00:00-04:00,61.81267806442214,62.287153156343976,61.50565975927318,62.082481384277344,908300,0.0,0.0,AOS
2021-10-22 00:00:00-04:00,62.324370826285325,62.901192476136316,62.10108800293748,62.11039352416992,609900,0.0,0.0,AOS
2021-10-25 00:00:00-04:00,61.87780290923348,62.947710674653464,61.496354631061685,62.16621017456055,1146400,0.0,0.0,AOS
2021-10-26 00:00:00-04:00,62.2313209302288,62.2313209302288,60.95673457388574,60.975345611572266,959900,0.0,0.0,AOS
2021-10-27 00:00:00-04:00,61.1614243281554,61.74755145347648,59.579826547707164,59.77519989013672,1442800,0.0,0.0,AOS
2021-10-28 00:00:00-04:00,62.634548937699066,67.95143306215415,62.634548937699066,66.05455017089844,2735400,0.28,0.0,AOS
2021-10-29 00:00:00-04:00,66.12929872817341,68.34389003875063,65.70881004612414,68.27848052978516,2458300,0.0,0.0,AOS
2021-11-01 00:00:00-04:00,68.6428967069622,70.57715721616627,68.63355045576871,69.80158233642578,1836800,0.0,0.0,AOS
2021-11-02 00:00:00-04:00,70.05389332648564,73.54864332146687,69.57733424063754,73.22159576416016,2215100,0.0,0.0,AOS
2021-11-03 00:00:00-04:00,72.8010830917676,74.090587519828,72.10026407299786,73.24960327148438,1532900,0.0,0.0,AOS
2021-11-04 00:00:00-04:00,73.03470980982779,73.38978897860433,72.22175695474527,72.75437927246094,1268500,0.0,0.0,AOS
2021-11-05 00:00:00-04:00,73.35241559115656,74.39897491511225,72.32454877302447,72.46471405029297,1337200,0.0,0.0,AOS
2021-11-08 00:00:00-05:00,73.02535810739536,73.5206025078938,72.06290093222272,72.51142120361328,911900,0.0,0.0,AOS
2021-11-09 00:00:00-05:00,72.69831380971362,73.77289753576127,72.59552642440623,73.54863739013672,758400,0.0,0.0,AOS
2021-11-10 00:00:00-05:00,73.11880542107176,73.66077399651908,72.70765586327009,73.29634857177734,684400,0.0,0.0,AOS
2021-11-11 00:00:00-05:00,73.69815013277915,74.64191486215597,73.43650497457895,74.44568634033203,666400,0.0,0.0,AOS
2021-11-12 00:00:00-05:00,74.54846486118407,76.85649697482272,74.54846486118407,76.70698547363281,891600,0.0,0.0,AOS
2021-11-15 00:00:00-05:00,76.62288835096184,76.62288835096184,75.7445261300167,76.39862823486328,782900,0.0,0.0,AOS
2021-11-16 00:00:00-05:00,76.44535386451551,78.11797649608678,76.44535386451551,77.10879516601562,875400,0.0,0.0,AOS
2021-11-17 00:00:00-05:00,77.22092020862068,77.50125070103638,76.58551060436561,77.3237075805664,542200,0.0,0.0,AOS
2021-11-18 00:00:00-05:00,77.25831483312498,77.51995288058463,76.44536193214502,76.9125747680664,744900,0.0,0.0,AOS
2021-11-19 00:00:00-05:00,77.10879762987267,77.59470293577441,76.29585191781264,77.052734375,726600,0.0,0.0,AOS
2021-11-22 00:00:00-05:00,77.44517861044453,78.00583958286279,76.98731213679666,77.37042999267578,673100,0.0,0.0,AOS
2021-11-23 00:00:00-05:00,77.5479713700925,77.9217430013169,76.50141935758526,77.04338073730469,620500,0.0,0.0,AOS
2021-11-24 00:00:00-05:00,76.77242127980857,77.49192595398856,76.55750022543647,76.98733520507812,846800,0.0,0.0,AOS
2021-11-26 00:00:00-05:00,75.61372080058963,76.3986420424448,75.07175222039223,75.6884765625,646200,0.0,0.0,AOS
2021-11-29 00:00:00-05:00,76.48272696868008,76.51075859347091,75.45486032811114,75.55764770507812,1026700,0.0,0.0,AOS
2021-11-30 00:00:00-05:00,75.16519154723237,75.68846756016316,73.66076588095537,73.86634063720703,1767600,0.0,0.0,AOS
2021-12-01 00:00:00-05:00,75.05306491005808,77.15552253816129,74.17470255300466,74.24945831298828,1259500,0.0,0.0,AOS
2021-12-02 00:00:00-05:00,74.66993809033876,76.61353752906425,74.66993809033876,75.76321411132812,816800,0.0,0.0,AOS
2021-12-03 00:00:00-05:00,76.21173711689131,77.02468982162686,75.32403579457005,76.24911499023438,1242500,0.0,0.0,AOS
2021-12-06 00:00:00-05:00,76.94058788774205,77.55731210476014,76.27714667583194,76.62288665771484,822800,0.0,0.0,AOS
2021-12-07 00:00:00-05:00,77.52930746954715,78.13668564737182,76.96865343197935,77.45455169677734,690800,0.0,0.0,AOS
2021-12-08 00:00:00-05:00,77.51059649896918,77.94977764800133,76.92191096911185,77.53863525390625,834400,0.0,0.0,AOS
2021-12-09 00:00:00-05:00,77.60404894397203,77.89371859870556,77.07142663705146,77.43585205078125,582000,0.0,0.0,AOS
2021-12-10 00:00:00-05:00,77.688137214188,78.51977535721355,77.4171529577155,78.14600372314453,590400,0.0,0.0,AOS
2021-12-13 00:00:00-05:00,78.16471519795516,78.64127432529087,77.69750232424246,78.06192779541016,720500,0.0,0.0,AOS
2021-12-14 00:00:00-05:00,77.82831284318021,78.38896680447249,76.02487106280378,76.60421752929688,1106100,0.0,0.0,AOS
2021-12-15 00:00:00-05:00,76.87517549516441,78.2487819912233,76.46403316174347,78.1833724975586,1026300,0.0,0.0,AOS
2021-12-16 00:00:00-05:00,78.8187932345506,79.22059650375684,77.89371394185757,78.28617095947266,801800,0.0,0.0,AOS
2021-12-17 00:00:00-05:00,77.83765433156013,78.08059985148557,75.28666933953123,75.60437774658203,1859900,0.0,0.0,AOS
2021-12-20 00:00:00-05:00,75.0530644110841,75.0530644110841,72.82913403461906,74.07191467285156,758900,0.0,0.0,AOS
2021-12-21 00:00:00-05:00,74.75405482507327,75.75389002319453,74.68864531226542,75.59503936767578,819000,0.0,0.0,AOS
2021-12-22 00:00:00-05:00,75.63239790282496,76.32387073692048,75.39879154125616,76.24911499023438,585400,0.0,0.0,AOS
2021-12-23 00:00:00-05:00,76.42665901187004,77.62272245661761,76.41731276114844,77.34239196777344,508300,0.0,0.0,AOS
2021-12-27 00:00:00-05:00,77.87502415104248,79.19256763634144,77.60404700737101,79.14584350585938,700900,0.0,0.0,AOS
2021-12-28 00:00:00-05:00,79.24862944913754,80.0615822526791,79.18321994511246,79.9307632446289,523800,0.0,0.0,AOS
2021-12-29 00:00:00-05:00,79.55701138135291,80.58487832700105,79.38881445358481,80.18307495117188,779300,0.0,0.0,AOS
2021-12-30 00:00:00-05:00,80.26715898931963,81.05207305691252,79.67846630952353,79.69715881347656,608100,0.0,0.0,AOS
2021-12-31 00:00:00-05:00,79.54765609093992,80.59421542584508,79.54765609093992,80.22044372558594,966600,0.0,0.0,AOS
2022-01-03 00:00:00-05:00,80.2110936305578,80.43536091743248,77.50126497395664,78.08995056152344,840000,0.0,0.0,AOS
2022-01-04 00:00:00-05:00,78.27682525848037,80.4540385029613,78.10862837416208,79.3887939453125,2043200,0.0,0.0,AOS
2022-01-05 00:00:00-05:00,79.43553478478192,80.28585850780563,77.85635299032013,78.06192779541016,1071800,0.0,0.0,AOS
2022-01-06 00:00:00-05:00,78.39829994380342,79.2673159336364,77.04337870745056,78.5851821899414,939100,0.0,0.0,AOS
2022-01-07 00:00:00-05:00,78.80011706302345,78.9402823368553,76.7537226007436,77.69749450683594,1299900,0.0,0.0,AOS
2022-01-10 00:00:00-05:00,77.51996121567521,77.80029179901055,76.26783410274386,77.45455169677734,1122200,0.0,0.0,AOS
2022-01-11 00:00:00-05:00,77.94977252638171,78.51042639356588,77.0620711640985,78.21141052246094,855400,0.0,0.0,AOS
2022-01-12 00:00:00-05:00,78.71600611728273,79.1738797684642,77.89371420204239,78.47306060791016,756900,0.0,0.0,AOS
2022-01-13 00:00:00-05:00,78.58518106517069,79.37944129354013,77.24895235001716,77.50125122070312,712800,0.0,0.0,AOS
2022-01-14 00:00:00-05:00,76.62290346708969,76.62290346708969,74.56716988424758,75.28667449951172,1346100,0.0,0.0,AOS
2022-01-18 00:00:00-05:00,74.28682866344289,75.6417428125823,73.60469489865969,75.37076568603516,867200,0.0,0.0,AOS
2022-01-19 00:00:00-05:00,75.76322711388444,75.83798287065356,74.29617925052169,74.33355712890625,791000,0.0,0.0,AOS
2022-01-20 00:00:00-05:00,74.79142135395178,75.5389575112583,72.94125564109842,73.0814208984375,1016600,0.0,0.0,AOS
2022-01-21 00:00:00-05:00,73.1001133220661,73.71683047294543,71.69847500840264,71.7825698852539,1516300,0.0,0.0,AOS
2022-01-24 00:00:00-05:00,70.64256331363191,73.7822334279356,70.2687917040052,73.6140365600586,1828500,0.0,0.0,AOS
2022-01-25 00:00:00-05:00,72.03486282129029,72.03486282129029,69.69879892703491,70.4556884765625,2225200,0.0,0.0,AOS
2022-01-26 00:00:00-05:00,71.58635361871644,72.04422021666399,69.24094310995252,69.8202896118164,1565100,0.0,0.0,AOS
2022-01-27 00:00:00-05:00,71.9601197081026,73.74486895292178,70.67060777705132,70.87618255615234,2221600,0.0,0.0,AOS
2022-01-28 00:00:00-05:00,70.71675950229563,70.85744413911112,69.12234554424981,70.810546875,1625000,0.28,0.0,AOS
2022-01-31 00:00:00-05:00,70.5760510734165,71.76716533181015,69.72256981183475,71.67337799072266,3020800,0.0,0.0,AOS
2022-02-01 00:00:00-05:00,72.15171056892217,72.5081053659693,70.25718031333194,70.87618255615234,1191400,0.0,0.0,AOS
2022-02-02 00:00:00-05:00,70.7073605172798,71.36387911365945,70.07897740995696,70.52915954589844,1240100,0.0,0.0,AOS
2022-02-03 00:00:00-05:00,69.89140550004615,70.744886952275,69.37557143108235,69.48811340332031,956400,0.0,0.0,AOS
2022-02-04 00:00:00-05:00,69.15046547437802,69.91953312668012,68.35325517954573,69.00978088378906,1060300,0.0,0.0,AOS
2022-02-07 00:00:00-05:00,69.03792793060701,70.21966867170485,69.03792793060701,69.27239990234375,1188100,0.0,0.0,AOS
2022-02-08 00:00:00-05:00,69.44120932838986,70.81990545504573,69.3005247358813,69.58189392089844,921300,0.0,0.0,AOS
2022-02-09 00:00:00-05:00,70.41662060888994,70.83866727387047,69.37556453605387,70.0133285522461,727600,0.0,0.0,AOS
2022-02-10 00:00:00-05:00,68.70028720343674,69.76947881409326,67.34972636660044,67.74364471435547,831400,0.0,0.0,AOS
2022-02-11 00:00:00-05:00,67.996871958834,68.40016403736225,66.17736716423917,66.88078308105469,758300,0.0,0.0,AOS
2022-02-14 00:00:00-05:00,66.74948510068292,67.81867681393112,66.32743837643345,66.8057632446289,945600,0.0,0.0,AOS
2022-02-15 00:00:00-05:00,67.65921157832265,68.67213191392763,67.49977240202779,67.95933532714844,952400,0.0,0.0,AOS
2022-02-16 00:00:00-05:00,67.69674498011493,68.33450900132932,67.42475664623504,67.82804870605469,651800,0.0,0.0,AOS
2022-02-17 00:00:00-05:00,67.39660378359467,67.89368306874172,66.46809705934801,66.63691711425781,997000,0.0,0.0,AOS
2022-02-18 00:00:00-05:00,66.49624112525866,67.38723160169066,66.49624112525866,66.77760314941406,593300,0.0,0.0,AOS
2022-02-22 00:00:00-05:00,66.40247121772072,67.34035918884379,64.98625837778,65.21134948730469,984100,0.0,0.0,AOS
2022-02-23 00:00:00-05:00,66.02729499748597,66.02729499748597,63.47623932844783,63.673194885253906,1776000,0.0,0.0,AOS
2022-02-24 00:00:00-05:00,62.31325711887227,63.607539486658276,61.23468490129318,63.56064224243164,2522100,0.0,0.0,AOS
2022-02-25 00:00:00-05:00,63.701351105507804,65.10818310247848,63.035451485603794,65.08004760742188,1255400,0.0,0.0,AOS
2022-02-28 00:00:00-05:00,64.07649020128855,64.61108592762471,63.457488012880376,64.32034301757812,1316300,0.0,0.0,AOS
2022-03-01 00:00:00-05:00,64.26407011025195,64.26407011025195,62.17258428419954,62.49146270751953,856200,0.0,0.0,AOS
2022-03-02 00:00:00-05:00,63.129219828618865,65.37077089579934,62.754070466902036,65.08940887451172,1498100,0.0,0.0,AOS
2022-03-03 00:00:00-05:00,65.03314106339556,65.3614075402506,63.81389113335018,64.41413879394531,896100,0.0,0.0,AOS
2022-03-04 00:00:00-05:00,63.55129165570295,64.27346225332252,62.904146658440474,64.14215850830078,780100,0.0,0.0,AOS
2022-03-07 00:00:00-05:00,64.2265603183977,64.52668413110214,63.04481967533562,63.138607025146484,1177000,0.0,0.0,AOS
2022-03-08 00:00:00-05:00,63.47624172907845,63.92643098702909,62.01313916289102,62.0975456237793,1114600,0.0,0.0,AOS
2022-03-09 00:00:00-05:00,63.60755342080496,64.18904646123138,62.9885511633981,63.47624969482422,843000,0.0,0.0,AOS
2022-03-10 00:00:00-05:00,62.53834242487464,62.91349887780504,61.928714083302026,62.47269058227539,759000,0.0,0.0,AOS
2022-03-11 00:00:00-05:00,63.00729661203801,63.4949950725637,61.581710441988406,61.63798141479492,1090500,0.0,0.0,AOS
2022-03-14 00:00:00-04:00,62.14444590948424,62.435188829662444,61.03773804993114,61.78804397583008,766600,0.0,0.0,AOS
2022-03-15 00:00:00-04:00,62.00376300942726,62.472706909268325,61.281585396583026,62.031898498535156,759300,0.0,0.0,AOS
2022-03-16 00:00:00-04:00,62.39766779106917,63.738847493769725,61.3941282341894,63.12921905517578,893200,0.0,0.0,AOS
2022-03-17 00:00:00-04:00,62.75408047874225,63.7857556990887,62.57587949463563,63.77637481689453,805300,0.0,0.0,AOS
2022-03-18 00:00:00-04:00,63.93580320618617,64.08586867380642,63.00729638071074,63.82326126098633,1395600,0.0,0.0,AOS
2022-03-21 00:00:00-04:00,63.738852276612704,64.32034527260828,63.110469185216175,63.70133590698242,725700,0.0,0.0,AOS
2022-03-22 00:00:00-04:00,64.10462485123715,64.27344492869143,63.52313903873999,63.58879089355469,778400,0.0,0.0,AOS
2022-03-23 00:00:00-04:00,63.044813753212104,63.344937537724384,61.103386456879285,61.309722900390625,1086200,0.0,0.0,AOS
2022-03-24 00:00:00-04:00,61.52543624534025,62.17258109603132,60.868917668925995,62.116310119628906,991700,0.0,0.0,AOS
2022-03-25 00:00:00-04:00,62.360159208281715,62.8853812537383,62.00376441232449,62.81034851074219,940400,0.0,0.0,AOS
2022-03-28 00:00:00-04:00,62.65090362514564,62.838478310133844,62.003758797559875,62.51959991455078,610500,0.0,0.0,AOS
2022-03-29 00:00:00-04:00,63.18549755102097,63.51375681817027,62.60400459527409,63.288665771484375,965900,0.0,0.0,AOS
2022-03-30 00:00:00-04:00,62.951020356793094,63.035426808920036,61.78803454260254,62.13505554199219,1172100,0.0,0.0,AOS
2022-03-31 00:00:00-04:00,62.125676883607866,62.57586611092688,59.884125938230625,59.9216423034668,1659700,0.0,0.0,AOS
2022-04-01 00:00:00-04:00,60.606310532548186,61.81618661968371,59.734071038739806,61.78804397583008,1292800,0.0,0.0,AOS
2022-04-04 00:00:00-04:00,61.731762421397704,63.138593841352545,61.28157321858572,62.89474105834961,1628200,0.0,0.0,AOS
2022-04-05 00:00:00-04:00,62.51022034245772,63.22301704026513,61.01897509017089,61.3284797668457,1437200,0.0,0.0,AOS
2022-04-06 00:00:00-04:00,60.62507512213767,60.79389523547816,59.94979466877572,60.58755874633789,1250200,0.0,0.0,AOS
2022-04-07 00:00:00-04:00,60.29680619345534,60.36245805178962,59.15258195775855,59.39643478393555,1503600,0.0,0.0,AOS
2022-04-08 00:00:00-04:00,59.518354052355946,60.01543697850003,58.69301543197064,58.96500015258789,1313200,0.0,0.0,AOS
2022-04-11 00:00:00-04:00,58.693016879059456,60.02481576144271,58.693016879059456,59.42456817626953,1177400,0.0,0.0,AOS
2022-04-12 00:00:00-04:00,59.86538417371463,61.722398140362685,59.86538417371463,60.4843864440918,1522600,0.0,0.0,AOS
2022-04-13 00:00:00-04:00,60.399973413418046,61.00022100974513,60.20301784170283,60.68133544921875,930000,0.0,0.0,AOS
2022-04-14 00:00:00-04:00,61.06588114497004,61.38475959320727,59.79973034568234,59.8278694152832,727300,0.0,0.0,AOS
2022-04-18 00:00:00-04:00,59.72469712890522,60.484383979255824,59.03065856248708,59.40581512451172,553800,0.0,0.0,AOS
2022-04-19 00:00:00-04:00,59.77158403256802,61.44102660889503,59.77158403256802,61.309722900390625,761800,0.0,0.0,AOS
2022-04-20 00:00:00-04:00,61.900607060423184,62.36017016990265,61.759922431455095,62.181976318359375,719500,0.0,0.0,AOS
2022-04-21 00:00:00-04:00,62.80097866809452,63.02606978113298,61.6473804526946,62.181976318359375,792800,0.0,0.0,AOS
2022-04-22 00:00:00-04:00,61.694253272689124,62.1538162534046,60.53127449973925,60.718849182128906,991300,0.0,0.0,AOS
2022-04-25 00:00:00-04:00,60.568790601945835,60.70947519087942,58.946241699874015,60.61568069458008,1200100,0.0,0.0,AOS
2022-04-26 00:00:00-04:00,60.10922395489146,60.53127774617714,58.43040755981562,58.49605941772461,1422900,0.0,0.0,AOS
2022-04-27 00:00:00-04:00,58.711772523849326,59.46208559634257,58.18655766641352,58.983760833740234,1411800,0.0,0.0,AOS
2022-04-28 00:00:00-04:00,58.65403002243389,59.32291104534784,54.98933122483087,56.4024543762207,2283800,0.28,0.0,AOS
2022-04-29 00:00:00-04:00,56.279985300076035,56.96770479039757,54.82917802768148,55.04585647583008,3856600,0.0,0.0,AOS
2022-05-02 00:00:00-04:00,54.95164862859753,56.779286542678946,54.82917695377911,55.884307861328125,1290000,0.0,0.0,AOS
2022-05-03 00:00:00-04:00,55.771258090767176,56.65681392420515,55.14006124837712,55.67704772949219,987400,0.0,0.0,AOS
2022-05-04 00:00:00-04:00,55.271964633252125,58.154737651161774,55.271964633252125,58.069950103759766,980500,0.0,0.0,AOS
2022-05-05 00:00:00-04:00,57.42932859101301,57.73079459985626,55.02701976077414,55.516902923583984,847000,0.0,0.0,AOS
2022-05-06 00:00:00-04:00,55.319070071048394,56.12926136934845,54.32988084782804,55.959686279296875,1172300,0.0,0.0,AOS
2022-05-09 00:00:00-04:00,55.30022155520326,57.0336528120553,55.30022155520326,56.327091217041016,1120300,0.0,0.0,AOS
2022-05-10 00:00:00-04:00,56.7698682661391,57.23149009673259,54.9893335936865,55.545162200927734,1619500,0.0,0.0,AOS
2022-05-11 00:00:00-04:00,55.601681811797675,56.05388075470233,53.887092805625045,54.047245025634766,848800,0.0,0.0,AOS
2022-05-12 00:00:00-04:00,53.74578662124632,55.648793019662875,53.74578662124632,55.639373779296875,1052300,0.0,0.0,AOS
2022-05-13 00:00:00-04:00,55.93141554071112,57.240909137855326,55.82778593050406,56.53434753417969,906200,0.0,0.0,AOS
2022-05-16 00:00:00-04:00,56.08214743782532,56.26114534058016,55.13064607814647,55.564002990722656,846900,0.0,0.0,AOS
2022-05-17 00:00:00-04:00,56.496663799911936,57.01480822802461,55.83720562151491,56.854652404785156,756200,0.0,0.0,AOS
2022-05-18 00:00:00-04:00,55.912571568848655,56.487242228666695,54.169721109776454,54.4240837097168,833700,0.0,0.0,AOS
2022-05-19 00:00:00-04:00,53.915355999502964,55.86546558115594,53.62330926640829,55.064697265625,924300,0.0,0.0,AOS
2022-05-20 00:00:00-04:00,55.48863749603944,55.79952272235006,53.33126861020902,54.4240837097168,1378900,0.0,0.0,AOS
2022-05-23 00:00:00-04:00,55.11180579223591,55.25311955228339,54.05667479015822,54.98933410644531,796300,0.0,0.0,AOS
2022-05-24 00:00:00-04:00,54.94223200148381,55.1683333040913,53.73636797093262,54.97049331665039,572800,0.0,0.0,AOS
2022-05-25 00:00:00-04:00,54.61250003667659,55.63936966095951,54.39582158671425,55.14948654174805,868800,0.0,0.0,AOS
2022-05-26 00:00:00-04:00,55.30963985865816,56.53434588386001,55.15890686469113,56.17635726928711,759900,0.0,0.0,AOS
2022-05-27 00:00:00-04:00,56.364773282467056,57.67426681518555,56.298824229777786,57.67426681518555,638000,0.0,0.0,AOS
2022-05-31 00:00:00-04:00,57.11843765990988,57.467007024131895,56.025622588119326,56.63797378540039,2994700,0.0,0.0,AOS
2022-06-01 00:00:00-04:00,56.722759425741295,57.52353132531117,56.383609312394796,56.93943786621094,887500,0.0,0.0,AOS
2022-06-02 00:00:00-04:00,57.5141148337679,58.12646967191226,57.37280466679797,57.61774444580078,917000,0.0,0.0,AOS
2022-06-03 00:00:00-04:00,57.0901752593489,57.47642878631985,56.71334456611959,57.31627655029297,549300,0.0,0.0,AOS
2022-06-06 00:00:00-04:00,58.01342000394591,58.540983703229536,57.50469478498684,58.28662109375,689700,0.0,0.0,AOS
2022-06-07 00:00:00-04:00,57.64600573294418,58.588087887327205,57.269175027445904,58.22067642211914,539800,0.0,0.0,AOS
2022-06-08 00:00:00-04:00,57.81558546333054,58.20183903397696,57.30686379025957,57.55180358886719,526300,0.0,0.0,AOS
2022-06-09 00:00:00-04:00,57.306859347344165,58.672875600274345,57.118442197152966,57.28801727294922,756600,0.0,0.0,AOS
2022-06-10 00:00:00-04:00,56.38362062074975,56.38362062074975,54.24509709867524,54.697296142578125,1013800,0.0,0.0,AOS
2022-06-13 00:00:00-04:00,53.472574306500235,53.87766986587778,52.46454682444665,52.84138107299805,907700,0.0,0.0,AOS
2022-06-14 00:00:00-04:00,52.81313016415562,53.237064285076116,52.01235812670466,52.41745376586914,799600,0.0,0.0,AOS
2022-06-15 00:00:00-04:00,52.60586386975105,53.595049342122316,51.984089836224136,52.794281005859375,761800,0.0,0.0,AOS
2022-06-16 00:00:00-04:00,51.7391466628755,51.88046041389256,50.07166452591881,50.48617935180664,1055900,0.0,0.0,AOS
2022-06-17 00:00:00-04:00,50.514449319652456,51.14564629691785,49.93035932996937,50.03398895263672,1910100,0.0,0.0,AOS
2022-06-21 00:00:00-04:00,50.38255362580113,50.48618323869093,49.13900545864007,49.826725006103516,1583300,0.0,0.0,AOS
2022-06-22 00:00:00-04:00,49.025953269661386,50.26007851872196,48.9034815906011,49.98687744140625,1162600,0.0,0.0,AOS
2022-06-23 00:00:00-04:00,49.95861486615823,51.04201076752318,49.95861486615823,50.99490737915039,1085300,0.0,0.0,AOS
2022-06-24 00:00:00-04:00,51.522474603332974,52.81312981433524,51.25869273539483,52.58702850341797,1369100,0.0,0.0,AOS
2022-06-27 00:00:00-04:00,52.79428952082279,52.93559970037687,52.05004368972556,52.615291595458984,739700,0.0,0.0,AOS
2022-06-28 00:00:00-04:00,52.70007355671826,53.46316138298606,51.805098399762905,51.984092712402344,1107400,0.0,0.0,AOS
2022-06-29 00:00:00-04:00,52.06888991438811,52.06888991438811,50.89128702215143,51.6261100769043,838400,0.0,0.0,AOS
2022-06-30 00:00:00-04:00,50.67460132877688,52.11598591429012,50.31660909409576,51.51305389404297,1144000,0.0,0.0,AOS
2022-07-01 00:00:00-04:00,51.81451154989322,53.06748237237617,51.58841028187665,52.784854888916016,993400,0.0,0.0,AOS
2022-07-05 00:00:00-04:00,51.974669943819464,54.13203890712994,51.974669943819464,54.06609344482422,1231200,0.0,0.0,AOS
2022-07-06 00:00:00-04:00,54.64076108082038,55.15890551024898,54.03782911975743,54.60307693481445,1084200,0.0,0.0,AOS
2022-07-07 00:00:00-04:00,54.89513000744781,56.22346576042714,54.87628793227156,56.15752029418945,1661300,0.0,0.0,AOS
2022-07-08 00:00:00-04:00,56.06329957680216,56.06329957680216,53.519680991100046,53.670413970947266,1516500,0.0,0.0,AOS
2022-07-11 00:00:00-04:00,53.34068601206149,54.22624546143453,53.14284963906629,53.40663146972656,1026900,0.0,0.0,AOS
2022-07-12 00:00:00-04:00,53.53853158319835,54.40524545681374,52.54934242715874,52.888492584228516,1513800,0.0,0.0,AOS
2022-07-13 00:00:00-04:00,51.92756912378216,52.596450207584304,51.36232124927496,52.27614212036133,956900,0.0,0.0,AOS
2022-07-14 00:00:00-04:00,50.87243569437461,51.17390169247025,49.84556601531191,50.99490737915039,1471000,0.0,0.0,AOS
2022-07-15 00:00:00-04:00,52.16308987215693,53.632739382820155,52.097144406334706,53.36895751953125,1185200,0.0,0.0,AOS
2022-07-18 00:00:00-04:00,53.44431997622417,53.86825766277705,51.91814789839204,52.24787521362305,884600,0.0,0.0,AOS
2022-07-19 00:00:00-04:00,53.01096216348841,54.263929534184605,52.681231260009724,54.179141998291016,811600,0.0,0.0,AOS
2022-07-20 00:00:00-04:00,54.17914080587824,54.57481716259271,53.953043110976886,54.527713775634766,551500,0.0,0.0,AOS
2022-07-21 00:00:00-04:00,54.584234975715276,55.55458197172393,54.16972015005899,55.53573989868164,777200,0.0,0.0,AOS
2022-07-22 00:00:00-04:00,55.62995098459473,56.09157282553743,55.187174811913884,55.582847595214844,688600,0.0,0.0,AOS
2022-07-25 00:00:00-04:00,55.46980006519006,56.006786623198806,55.206014609605205,55.50748062133789,656300,0.0,0.0,AOS
2022-07-26 00:00:00-04:00,55.366170368645776,55.78068523573085,54.979916817069714,55.62053298950195,812600,0.0,0.0,AOS
2022-07-27 00:00:00-04:00,55.85605432761946,57.16554800656505,55.5734303872459,57.03365707397461,1157900,0.0,0.0,AOS
2022-07-28 00:00:00-04:00,58.576382681616934,58.576382681616934,55.8316520727748,57.724571228027344,1218200,0.28,0.0,AOS
2022-07-29 00:00:00-04:00,57.923328599569594,60.23268873805752,57.66778407273766,59.88249969482422,1945700,0.0,0.0,AOS
2022-08-01 00:00:00-04:00,58.661560993226395,59.43765751577604,57.45009395518921,58.61423873901367,1015300,0.0,0.0,AOS
2022-08-02 00:00:00-04:00,58.358692111525656,58.72781073560122,57.043113995787046,57.23240661621094,992500,0.0,0.0,AOS
2022-08-03 00:00:00-04:00,57.45955733098514,58.28297972349396,57.07150906721739,58.188331604003906,720500,0.0,0.0,AOS
2022-08-04 00:00:00-04:00,58.074751016559226,58.737273337529544,57.91385103653709,58.00849914550781,569100,0.0,0.0,AOS
2022-08-05 00:00:00-04:00,57.270268169044854,57.38384591930781,56.40899008706323,57.35544967651367,547800,0.0,0.0,AOS
2022-08-08 00:00:00-04:00,57.72456358506072,58.547982297643706,57.677237724080136,58.20725631713867,516400,0.0,0.0,AOS
2022-08-09 00:00:00-04:00,57.89492524526048,58.09368448202147,56.79703238175322,57.07150650024414,417000,0.0,0.0,AOS
2022-08-10 00:00:00-04:00,58.04636402847764,58.538519801115086,58.03689741143276,58.39655303955078,435500,0.0,0.0,AOS
2022-08-11 00:00:00-04:00,58.803528609242726,59.69319922228087,58.529054493038814,59.077999114990234,534500,0.0,0.0,AOS
2022-08-12 00:00:00-04:00,59.21996661461774,60.48822240312467,59.21996661461774,60.45036315917969,714200,0.0,0.0,AOS
2022-08-15 00:00:00-04:00,60.14749817481356,60.686983390551966,59.645875814575646,60.64912414550781,750200,0.0,0.0,AOS
2022-08-16 00:00:00-04:00,60.28000506656375,61.60504621812403,60.28000506656375,60.8857421875,737200,0.0,0.0,AOS
2022-08-17 00:00:00-04:00,60.26107817921602,61.30218224631746,59.82570765009773,60.77216720581055,609800,0.0,0.0,AOS
2022-08-18 00:00:00-04:00,61.08449863671759,61.28325427054492,60.459835494362736,60.677520751953125,453300,0.0,0.0,AOS
2022-08-19 00:00:00-04:00,60.36518637116052,60.64912711242557,58.98335635355751,59.27676010131836,541900,0.0,0.0,AOS
2022-08-22 00:00:00-04:00,58.44386961540458,58.737273337529544,57.847599165485676,58.00849914550781,540300,0.0,0.0,AOS
2022-08-23 00:00:00-04:00,57.93279566199647,58.19780682529195,57.39331393774288,57.4974250793457,476000,0.0,0.0,AOS
2022-08-24 00:00:00-04:00,57.43117089404054,57.78135994777846,57.32705975660189,57.6961784362793,381200,0.0,0.0,AOS
2022-08-25 00:00:00-04:00,57.980106594767534,58.2261880832845,57.34598047138999,57.84760284423828,601400,0.0,0.0,AOS
2022-08-26 00:00:00-04:00,57.989569200109294,58.47226191656972,55.28269467640719,55.3016242980957,589900,0.0,0.0,AOS
2022-08-29 00:00:00-04:00,54.80947724470775,55.102881030927605,54.21320666453183,54.610721588134766,515700,0.0,0.0,AOS
2022-08-30 00:00:00-04:00,54.89465796928066,55.16913212563673,54.10909475152853,54.36463928222656,531400,0.0,0.0,AOS
2022-08-31 00:00:00-04:00,54.3551727567375,54.506606141743994,53.314068686124926,53.427642822265625,1413500,0.0,0.0,AOS
2022-09-01 00:00:00-04:00,53.049053402663525,53.437101647025806,52.698864404203995,53.39924240112305,836400,0.0,0.0,AOS
2022-09-02 00:00:00-04:00,54.165882608819444,54.525538268637604,53.00173773119272,53.25728225708008,678100,0.0,0.0,AOS
2022-09-06 00:00:00-04:00,53.31406564766163,53.54121390699744,52.54743214887616,52.897621154785156,599900,0.0,0.0,AOS
2022-09-07 00:00:00-04:00,52.83137157660714,54.24159788895423,52.7177974419984,54.146949768066406,769400,0.0,0.0,AOS
2022-09-08 00:00:00-04:00,53.64532462668624,53.929261753948424,53.06798375532781,53.80622100830078,921500,0.0,0.0,AOS
2022-09-09 00:00:00-04:00,54.13748498451699,54.781077743606126,53.07745133855816,53.276206970214844,1488500,0.0,0.0,AOS
2022-09-12 00:00:00-04:00,53.66426186335758,54.023917534491545,52.92602089519239,53.162635803222656,1776900,0.0,0.0,AOS
2022-09-13 00:00:00-04:00,51.93223440799391,52.17831591242517,50.98577485962646,51.279178619384766,1620900,0.0,0.0,AOS
2022-09-14 00:00:00-04:00,51.2034544511084,51.33596180598668,48.950883575021514,49.471435546875,1737400,0.0,0.0,AOS
2022-09-15 00:00:00-04:00,49.47144284156007,50.83434334145049,49.433583591726695,50.086639404296875,2240000,0.0,0.0,AOS
2022-09-16 00:00:00-04:00,49.65126377051008,49.65126377051008,48.08014116812215,48.95088577270508,2786000,0.0,0.0,AOS
2022-09-19 00:00:00-04:00,48.79945882210592,49.93520746645588,48.55337730149504,49.77431106567383,893400,0.0,0.0,AOS
2022-09-20 00:00:00-04:00,49.20643157498056,49.594479830147144,48.13693131641649,48.477657318115234,1364800,0.0,0.0,AOS
2022-09-21 00:00:00-04:00,49.04553294060496,49.70805533889483,48.3072956567584,48.32622528076172,1473800,0.0,0.0,AOS
2022-09-22 00:00:00-04:00,48.18425843949997,48.41141033374115,47.55959524340781,47.81513977050781,1036000,0.0,0.0,AOS
2022-09-23 00:00:00-04:00,47.32296758479682,47.65422691370804,46.660445316518484,47.162071228027344,824600,0.0,0.0,AOS
2022-09-26 00:00:00-04:00,47.039042477238134,47.502805655785174,46.63206456355827,46.76456832885742,901000,0.0,0.0,AOS
2022-09-27 00:00:00-04:00,47.41762493882862,47.720491724693936,46.27240967912182,46.6888542175293,913900,0.0,0.0,AOS
2022-09-28 00:00:00-04:00,47.0768969180731,47.976030550877994,46.622593182806554,47.74888229370117,1295000,0.0,0.0,AOS
2022-09-29 00:00:00-04:00,47.181009226714735,47.181009226714735,45.96954210405191,46.120975494384766,737900,0.0,0.0,AOS
2022-09-30 00:00:00-04:00,46.13044110798368,46.72670803855764,45.52470394938128,45.979007720947266,1036200,0.0,0.0,AOS
2022-10-03 00:00:00-04:00,46.414375887182246,48.19371719138241,46.36705363311056,47.919246673583984,1208600,0.0,0.0,AOS
2022-10-04 00:00:00-04:00,48.63855465238175,49.56608455820954,48.63855465238175,49.55662155151367,984300,0.0,0.0,AOS
2022-10-05 00:00:00-04:00,48.78999040855233,49.310542453131276,48.458731001217565,48.74266815185547,980300,0.0,0.0,AOS
2022-10-06 00:00:00-04:00,48.46819618642254,48.903566744328984,48.03282562851609,48.06121826171875,767400,0.0,0.0,AOS
2022-10-07 00:00:00-04:00,47.550128344440544,47.58798398166857,46.575272574073004,46.84974670410156,1307400,0.0,0.0,AOS
2022-10-10 00:00:00-04:00,47.22833522633414,47.45548350723816,46.64152767800895,46.92546844482422,876400,0.0,0.0,AOS
2022-10-11 00:00:00-04:00,46.92546638765682,47.23779616282182,46.32919585812424,46.669921875,1175300,0.0,0.0,AOS
2022-10-12 00:00:00-04:00,46.603672443825374,46.93493186071754,46.13044264228979,46.49956130981445,896200,0.0,0.0,AOS
2022-10-13 00:00:00-04:00,44.985218079659596,46.7456332960263,44.08608445901451,46.24401092529297,3153000,0.0,0.0,AOS
2022-10-14 00:00:00-04:00,46.51848642910195,46.944390320863164,45.62881217770125,46.41437530517578,2017600,0.0,0.0,AOS
2022-10-17 00:00:00-04:00,47.39868948308822,49.092849100815336,47.332434002073484,48.846771240234375,2260800,0.0,0.0,AOS
2022-10-18 00:00:00-04:00,49.802698587622444,50.13396158360925,48.458727811520674,48.98874282836914,1733200,0.0,0.0,AOS
2022-10-19 00:00:00-04:00,48.458731911865904,49.04553584893917,47.55013156856727,48.051753997802734,1272300,0.0,0.0,AOS
2022-10-20 00:00:00-04:00,48.117998022864434,48.43032776029516,46.07364577905602,46.14936065673828,955000,0.0,0.0,AOS
2022-10-21 00:00:00-04:00,46.442773530972005,47.59745542934179,46.06418823661756,47.446022033691406,990200,0.0,0.0,AOS
2022-10-24 00:00:00-04:00,47.71102812451639,48.562843205716405,47.51227247572199,48.08014678955078,840900,0.0,0.0,AOS
2022-10-25 00:00:00-04:00,48.13693146985388,49.39572074630167,48.13693146985388,49.31053924560547,1033100,0.0,0.0,AOS
2022-10-26 00:00:00-04:00,49.32947168042948,50.06771259868777,48.89410114559557,49.168575286865234,1416900,0.0,0.0,AOS
2022-10-27 00:00:00-04:00,50.22860995010462,50.91952501476627,48.99821321015295,49.121253967285156,1332100,0.0,0.0,AOS
2022-10-28 00:00:00-04:00,49.463957306800644,51.87242425253656,49.42587794550849,51.76770782470703,1063200,0.3,0.0,AOS
2022-10-31 00:00:00-04:00,51.46307302585958,52.529269573330396,51.29171955537086,52.14848327636719,2528000,0.0,0.0,AOS
2022-11-01 00:00:00-04:00,52.63399094718602,53.043334983994555,51.50115360424947,51.977134704589844,1110000,0.0,0.0,AOS
2022-11-02 00:00:00-04:00,51.720113856832974,53.148057316626954,51.12037658691406,51.12037658691406,1144700,0.0,0.0,AOS
2022-11-03 00:00:00-04:00,50.69199337686592,52.14849455971532,50.53016152608179,51.7581901550293,1099000,0.0,0.0,AOS
2022-11-04 00:00:00-04:00,52.5197495083856,53.51931266030903,52.338878009149084,53.29084014892578,1008500,0.0,0.0,AOS
2022-11-07 00:00:00-05:00,53.4050758753097,54.290400977143435,52.700625908516756,54.17616653442383,992000,0.0,0.0,AOS
2022-11-08 00:00:00-05:00,54.41416002158824,54.614071215034464,52.86246059554638,53.28132629394531,1092400,0.0,0.0,AOS
2022-11-09 00:00:00-05:00,52.67206562531181,53.21468374095659,52.32935868249463,52.405513763427734,983400,0.0,0.0,AOS
2022-11-10 00:00:00-05:00,54.77590740013683,56.55607574739929,54.280886606440504,56.43231964111328,1431200,0.0,0.0,AOS
2022-11-11 00:00:00-05:00,56.17528505758916,57.82218277815506,55.72786531500848,57.11772918701172,1229800,0.0,0.0,AOS
2022-11-14 00:00:00-05:00,56.78454576162553,57.27004487791457,56.394241411213535,56.651268005371094,1361300,0.0,0.0,AOS
2022-11-15 00:00:00-05:00,57.365238500057885,58.28864296273438,57.05109287376892,57.48899459838867,992300,0.0,0.0,AOS
2022-11-16 00:00:00-05:00,57.193889526309775,57.53659286074667,56.65126774269442,56.927337646484375,578700,0.0,0.0,AOS
2022-11-17 00:00:00-05:00,55.975374862719455,57.24148629175612,55.55651281529286,57.21292495727539,762700,0.0,0.0,AOS
2022-11-18 00:00:00-05:00,58.31720299593513,58.45999877905721,57.5841952948215,58.33624267578125,1082300,0.0,0.0,AOS
2022-11-21 00:00:00-05:00,58.022093905300295,58.6218310780166,57.71746630709938,58.450477600097656,1190600,0.0,0.0,AOS
2022-11-22 00:00:00-05:00,58.64087250378693,59.22157005094492,58.36480621421732,58.92646408081055,884300,0.0,0.0,AOS
2022-11-23 00:00:00-05:00,58.90742296337355,59.39292209586543,58.47903923973502,58.57423400878906,863400,0.0,0.0,AOS
2022-11-25 00:00:00-05:00,58.7265464965208,59.21204924953425,58.52663530713765,58.88838195800781,455700,0.0,0.0,AOS
2022-11-28 00:00:00-05:00,58.44095089998834,58.68846307181447,56.84165433177077,56.889251708984375,764300,0.0,0.0,AOS
2022-11-29 00:00:00-05:00,56.698869060555296,57.83170275367657,56.29904305439938,57.58419418334961,1482900,0.0,0.0,AOS
2022-11-30 00:00:00-05:00,57.308125057783315,57.82218551635742,56.013455887203,57.82218551635742,2099500,0.0,0.0,AOS
2022-12-01 00:00:00-05:00,58.01257443394149,59.03117368466544,57.16532866758675,57.57467269897461,1090800,0.0,0.0,AOS
2022-12-02 00:00:00-05:00,56.65127098464287,57.73651098253043,56.28000629417111,57.4794807434082,930000,0.0,0.0,AOS
2022-12-05 00:00:00-05:00,56.860707677772346,57.146295641154005,56.34664716481658,56.94638442993164,1092400,0.0,0.0,AOS
2022-12-06 00:00:00-05:00,56.946377636695765,57.36523969092552,55.880181005917045,56.51799392700195,926400,0.0,0.0,AOS
2022-12-07 00:00:00-05:00,56.40376610441664,56.81311018269449,56.20385489356875,56.42280578613281,668000,0.0,0.0,AOS
2022-12-08 00:00:00-05:00,56.24192690763872,56.34663969622248,55.16620863565511,55.61362838745117,1155400,0.0,0.0,AOS
2022-12-09 00:00:00-05:00,55.65170726419433,56.25144444462461,55.28044260107711,55.499393463134766,1074900,0.0,0.0,AOS
2022-12-12 00:00:00-05:00,55.4993990994379,55.71834998373135,54.8044670845636,55.699310302734375,904500,0.0,0.0,AOS
2022-12-13 00:00:00-05:00,57.65083125168642,57.89833982203865,56.08961021730815,56.51799392700195,1135700,0.0,0.0,AOS
2022-12-14 00:00:00-05:00,56.51799601449467,57.23196767987238,55.71834760401372,56.051536560058594,1209800,0.0,0.0,AOS
2022-12-15 00:00:00-05:00,55.25188394113491,55.28044164351157,53.7573036592997,54.071449279785156,1721800,0.0,0.0,AOS
2022-12-16 00:00:00-05:00,53.52883640414326,53.83346403090956,52.8148647230133,53.35748291015625,2095100,0.0,0.0,AOS
2022-12-19 00:00:00-05:00,53.243244480876946,54.109529910681246,53.0718909996895,53.367000579833984,754400,0.0,0.0,AOS
2022-12-20 00:00:00-05:00,53.14805340847704,53.995299217955704,53.09093436696415,53.63355255126953,1208700,0.0,0.0,AOS
2022-12-21 00:00:00-05:00,54.11904998738582,54.92822004178598,53.94769649969862,54.490318298339844,902700,0.0,0.0,AOS
2022-12-22 00:00:00-05:00,53.709710639040644,54.185691783866375,52.74823032432976,53.528839111328125,778300,0.0,0.0,AOS
2022-12-23 00:00:00-05:00,53.357478842286355,54.20472459160324,53.15756765835827,54.166648864746094,879500,0.0,0.0,AOS
2022-12-27 00:00:00-05:00,54.195204444626654,55.25188299177562,54.18568278969977,54.899654388427734,829600,0.0,0.0,AOS
2022-12-28 00:00:00-05:00,55.137646765178516,55.461314046016746,54.00481309796844,54.04289245605469,710200,0.0,0.0,AOS
2022-12-29 00:00:00-05:00,54.4332066772162,55.242373210448335,54.242813483676834,54.8901481628418,664300,0.0,0.0,AOS
2022-12-30 00:00:00-05:00,54.46175696276023,54.68070783448329,53.96673617960249,54.490318298339844,592100,0.0,0.0,AOS
2023-01-03 00:00:00-05:00,55.08053344608689,56.25144651574038,54.69022908953573,56.0896110534668,1366200,0.0,0.0,AOS
2023-01-04 00:00:00-05:00,56.79406291547383,57.87929920821418,56.56559039684284,57.74602508544922,1054400,0.0,0.0,AOS
2023-01-05 00:00:00-05:00,57.13676677130861,57.56515045079684,56.09912791719145,56.52751159667969,990300,0.0,0.0,AOS
2023-01-06 00:00:00-05:00,57.16532903920904,58.7170284326632,56.97493587406691,58.488555908203125,831700,0.0,0.0,AOS
2023-01-09 00:00:00-05:00,58.5932711070202,60.06881175102526,58.35528056342431,58.536155700683594,1195900,0.0,0.0,AOS
2023-01-10 00:00:00-05:00,57.184377773636825,57.688916654423444,56.65127755311547,56.984466552734375,1571600,0.0,0.0,AOS
2023-01-11 00:00:00-05:00,57.298602644578345,59.73562714706249,57.14628884013855,59.573795318603516,1398300,0.0,0.0,AOS
2023-01-12 00:00:00-05:00,59.726107029356776,59.79274408949776,58.06017326293727,58.450477600097656,1160800,0.0,0.0,AOS
2023-01-13 00:00:00-05:00,58.06969039799639,59.23108536801947,57.441395532390715,59.145408630371094,803500,0.0,0.0,AOS
2023-01-17 00:00:00-05:00,58.64087410656665,58.82174926115168,57.127253959051565,57.14629364013672,1436200,0.0,0.0,AOS
2023-01-18 00:00:00-05:00,57.27004676016881,58.08873484682987,56.85118469251677,57.251007080078125,1311200,0.0,0.0,AOS
2023-01-19 00:00:00-05:00,57.00349415200054,57.00349415200054,54.947256067932756,55.013893127441406,1045300,0.0,0.0,AOS
2023-01-20 00:00:00-05:00,55.32803973796173,56.327599279953475,54.69022683367705,56.308563232421875,1209300,0.0,0.0,AOS
2023-01-23 00:00:00-05:00,56.451353012918545,57.3176383972168,56.15624707972349,57.3176383972168,1072300,0.0,0.0,AOS
2023-01-24 00:00:00-05:00,57.44139712931426,58.06017398858262,56.670306469041805,57.75554275512695,699100,0.0,0.0,AOS
2023-01-25 00:00:00-05:00,57.06061120497408,57.64130871013815,56.708386218617065,57.61275100708008,689600,0.0,0.0,AOS
2023-01-26 00:00:00-05:00,57.74602493749543,57.96497580025508,56.003936059256645,56.022972106933594,1597200,0.0,0.0,AOS
2023-01-27 00:00:00-05:00,56.07057014076546,57.72698219064301,55.994411428315,57.46043395996094,1716700,0.0,0.0,AOS
2023-01-30 00:00:00-05:00,57.02991750090536,58.474558984243814,56.58982842911609,56.98208236694336,1707400,0.3,0.0,AOS
2023-01-31 00:00:00-05:00,61.21077415636748,65.17158695663254,60.875924551681926,64.76976013183594,6350200,0.0,0.0,AOS
2023-02-01 00:00:00-05:00,65.51599325590844,67.18067904328841,64.2626888333882,66.93193054199219,2124300,0.0,0.0,AOS
2023-02-02 00:00:00-05:00,67.93648037493348,68.75925762926299,67.18067302273909,67.3528823852539,1627700,0.0,0.0,AOS
2023-02-03 00:00:00-05:00,66.46313686655982,67.13283590441345,65.72646062574877,66.06131744384766,952100,0.0,0.0,AOS
2023-02-06 00:00:00-05:00,65.3916173803957,65.58296519469155,64.41576907459155,64.56884002685547,1318500,0.0,0.0,AOS
2023-02-07 00:00:00-05:00,64.0043962798159,64.24357563265588,62.91373901479951,63.74607849121094,1197800,0.0,0.0,AOS
2023-02-08 00:00:00-05:00,63.23901024145116,63.88000906211338,63.00940013985956,63.3442497253418,853400,0.0,0.0,AOS
2023-02-09 00:00:00-05:00,63.975680658430335,64.34879977588703,62.60757479469819,62.96155548095703,774800,0.0,0.0,AOS
2023-02-10 00:00:00-05:00,62.60758964908344,63.45906756008956,62.41624178756968,63.24858856201172,764700,0.0,0.0,AOS
2023-02-13 00:00:00-05:00,63.487756081740926,65.14287280510216,63.32511590414788,65.0854721069336,1055900,0.0,0.0,AOS
2023-02-14 00:00:00-05:00,64.88456841039951,65.18114844413796,63.93742030649284,64.55928802490234,875900,0.0,0.0,AOS
2023-02-15 00:00:00-05:00,63.99481504669174,65.13331088818954,63.95654548152164,65.0854721069336,594900,0.0,0.0,AOS
2023-02-16 00:00:00-05:00,63.81304646544973,65.23856062016304,63.48776605914427,64.78890228271484,742000,0.0,0.0,AOS
2023-02-17 00:00:00-05:00,64.55928353414048,64.55928353414048,62.63627980915922,64.32966613769531,1178700,0.0,0.0,AOS
2023-02-21 00:00:00-05:00,63.707795729693295,64.25313154847744,62.464067731913985,62.82761764526367,1433400,0.0,0.0,AOS
2023-02-22 00:00:00-05:00,63.066803747235475,63.42079178201701,62.33013462522121,62.63628387451172,626300,0.0,0.0,AOS
2023-02-23 00:00:00-05:00,63.076364170625574,63.2868431187648,62.11964698757296,62.96155548095703,809900,0.0,0.0,AOS
2023-02-24 00:00:00-05:00,62.29185975565907,62.56930862971375,61.60302217858167,62.09095001220703,810400,0.0,0.0,AOS
2023-02-27 00:00:00-05:00,62.73196578093763,63.38253396873467,62.397116117918976,62.4927864074707,668400,0.0,0.0,AOS
2023-02-28 00:00:00-05:00,62.301428074867054,63.21030651537603,62.301428074867054,62.78934860229492,1017300,0.0,0.0,AOS
2023-03-01 00:00:00-05:00,62.904167809780915,64.07136418263637,62.55017975105732,63.8800163269043,1855900,0.0,0.0,AOS
2023-03-02 00:00:00-05:00,63.478190393948,64.85586561995405,63.12420967000239,64.71235656738281,915500,0.0,0.0,AOS
2023-03-03 00:00:00-05:00,64.91327264574373,65.23856034987587,63.65997521613968,65.18115234375,826100,0.0,0.0,AOS
2023-03-06 00:00:00-05:00,65.19070650354546,65.28637675942487,63.72693042098979,64.00437927246094,1004100,0.0,0.0,AOS
2023-03-07 00:00:00-05:00,63.88956039303844,64.42531957982688,63.478171789134024,63.516441345214844,854400,0.0,0.0,AOS
2023-03-08 00:00:00-05:00,63.6503992654627,64.18615860480104,63.29641854447425,64.10962677001953,650100,0.0,0.0,AOS
2023-03-09 00:00:00-05:00,64.25313364740533,65.62123229990172,63.9661155543718,64.51144409179688,1497300,0.0,0.0,AOS
2023-03-10 00:00:00-05:00,64.63582398830756,64.86544141537934,62.387539600577284,63.239017486572266,1179100,0.0,0.0,AOS
2023-03-13 00:00:00-04:00,62.110087650600214,63.50689408411872,61.91874710322606,62.932865142822266,946900,0.0,0.0,AOS
2023-03-14 00:00:00-04:00,64.00439022698778,64.75062856940963,63.612132621821786,64.55928802490234,830400,0.0,0.0,AOS
2023-03-15 00:00:00-04:00,63.51646403041373,64.03309227326368,62.301436212373844,63.78434371948242,1279200,0.0,0.0,AOS
2023-03-16 00:00:00-04:00,63.43992283912494,64.55928764535074,62.913732695236504,64.45404815673828,1015700,0.0,0.0,AOS
2023-03-17 00:00:00-04:00,64.41577866700463,64.41577866700463,62.16749443322991,62.63628387451172,2484200,0.0,0.0,AOS
2023-03-20 00:00:00-04:00,62.932861344351316,64.1478963742801,62.617142890983345,63.57386016845703,1074100,0.0,0.0,AOS
2023-03-21 00:00:00-04:00,64.30096266010709,64.74105169979275,63.30597588809788,64.02351379394531,882200,0.0,0.0,AOS
2023-03-22 00:00:00-04:00,64.32009753202257,65.24810704091948,63.60255966588707,63.61212158203125,938500,0.0,0.0,AOS
2023-03-23 00:00:00-04:00,63.63125529351156,64.57840316279774,63.16245866699994,63.4207763671875,1205800,0.0,0.0,AOS
2023-03-24 00:00:00-04:00,62.70324539434522,63.880003448366026,62.081377762142786,63.85130310058594,875800,0.0,0.0,AOS
2023-03-27 00:00:00-04:00,64.51143972625407,65.02806787924979,64.04265035191774,64.67407989501953,928200,0.0,0.0,AOS
2023-03-28 00:00:00-04:00,64.75062855663965,65.66907630860649,64.67408941918228,65.20028686523438,895800,0.0,0.0,AOS
2023-03-29 00:00:00-04:00,65.85085725469646,66.10916772874604,65.51600764049363,65.93695831298828,817400,0.0,0.0,AOS
2023-03-30 00:00:00-04:00,66.49184373921675,66.49184373921675,64.91325893881086,64.96109771728516,930200,0.0,0.0,AOS
2023-03-31 00:00:00-04:00,65.4968680118261,66.20483679740178,65.2002879731067,66.1570053100586,973100,0.0,0.0,AOS
2023-04-03 00:00:00-04:00,65.92738785566475,66.1856982962569,65.22898106578147,65.86997985839844,860100,0.0,0.0,AOS
2023-04-04 00:00:00-04:00,65.67863597730985,65.86040727837809,62.636275047825514,62.98069381713867,1165000,0.0,0.0,AOS
2023-04-05 00:00:00-04:00,62.62670761841031,63.35381474093948,61.16293145666761,61.813499450683594,1698900,0.0,0.0,AOS
2023-04-06 00:00:00-04:00,61.75610451923232,61.966576193532966,60.65587816645417,61.80393600463867,1159100,0.0,0.0,AOS
2023-04-10 00:00:00-04:00,61.61259663789903,62.66498422613679,61.430818012041776,62.63628387451172,734300,0.0,0.0,AOS
2023-04-11 00:00:00-04:00,63.04767309212495,63.39209191259338,62.62671513395823,62.72238540649414,728200,0.0,0.0,AOS
2023-04-12 00:00:00-04:00,63.162471771240234,63.650399629023795,62.76065226444135,63.162471771240234,969000,0.0,0.0,AOS
2023-04-13 00:00:00-04:00,63.076368071107055,63.65039695660053,61.928310300120096,63.478187561035156,784500,0.0,0.0,AOS
2023-04-14 00:00:00-04:00,63.4781977848869,64.92284309707368,63.43036629457642,64.21487426757812,1590300,0.0,0.0,AOS
2023-04-17 00:00:00-04:00,64.26268978952935,64.75061758416979,63.96610980610704,64.64537811279297,1127700,0.0,0.0,AOS
2023-04-18 00:00:00-04:00,65.08546698185953,65.64036468437155,64.7793177837792,65.57339477539062,844300,0.0,0.0,AOS
2023-04-19 00:00:00-04:00,65.43946024486138,65.77430981682147,64.66451432212722,64.94196319580078,1162800,0.0,0.0,AOS
2023-04-20 00:00:00-04:00,64.57841408210791,65.85084977063845,64.57841408210791,65.79344177246094,880800,0.0,0.0,AOS
2023-04-21 00:00:00-04:00,65.86040973050152,66.19526659587046,65.23854937864058,65.80300903320312,697900,0.0,0.0,AOS
2023-04-24 00:00:00-04:00,65.95609674761367,66.38661663742101,65.4681688531043,65.93695831298828,1186000,0.0,0.0,AOS
2023-04-25 00:00:00-04:00,65.40120203833668,66.49185929024266,65.34380133008094,65.60211181640625,1756700,0.0,0.0,AOS
2023-04-26 00:00:00-04:00,65.46816225892657,65.73604192330708,64.56884570064334,64.57841491699219,1872300,0.0,0.0,AOS
2023-04-27 00:00:00-04:00,66.87516208402596,67.25955881178444,63.703905576473495,65.88534545898438,2834900,0.3,0.0,AOS
2023-04-28 00:00:00-04:00,66.75024720342786,67.49021230869594,65.35681708515683,65.62589263916016,3274900,0.0,0.0,AOS
2023-05-01 00:00:00-04:00,66.24092210774792,67.48059786265944,65.77964450964369,67.40371704101562,1276700,0.0,0.0,AOS
2023-05-02 00:00:00-04:00,67.23074033260886,67.50942781836049,66.01028842222236,67.0577621459961,910000,0.0,0.0,AOS
2023-05-03 00:00:00-04:00,67.40371645540264,67.76888935740008,66.55804941994396,66.750244140625,972500,0.0,0.0,AOS
2023-05-04 00:00:00-04:00,66.40429855023224,66.84635234491641,65.5490194404668,66.49079132080078,949100,0.0,0.0,AOS
2023-05-05 00:00:00-04:00,67.26919590102688,67.80734712207172,66.81753012689543,67.63436889648438,768900,0.0,0.0,AOS
2023-05-08 00:00:00-04:00,67.88421316585847,68.08601982976205,67.01932222644383,67.56708526611328,530400,0.0,0.0,AOS
2023-05-09 00:00:00-04:00,67.3364486087715,67.49981485704647,66.54843851100897,66.61570739746094,636800,0.0,0.0,AOS
2023-05-10 00:00:00-04:00,67.28838602392116,67.28838602392116,65.63549258948392,66.51959991455078,679700,0.0,0.0,AOS
2023-05-11 00:00:00-04:00,66.10639807790498,66.26976435903957,65.21267850284613,65.73161315917969,1235800,0.0,0.0,AOS
2023-05-12 00:00:00-04:00,65.99105758933108,66.18325962738098,64.1171335418325,64.6168441772461,1321800,0.0,0.0,AOS
2023-05-15 00:00:00-04:00,64.5976337785645,65.60666708013044,64.48231254477463,65.53939819335938,826800,0.0,0.0,AOS
2023-05-16 00:00:00-04:00,64.7610061552741,64.98203670801215,63.99221252078293,64.58802795410156,776500,0.0,0.0,AOS
2023-05-17 00:00:00-04:00,64.84749336519359,65.75081737679476,64.62646283139485,65.61627960205078,611100,0.0,0.0,AOS
2023-05-18 00:00:00-04:00,65.36642417593347,66.46195763738507,65.08774400708548,66.44273376464844,628200,0.0,0.0,AOS
2023-05-19 00:00:00-04:00,66.90401444325117,67.01932835788365,65.34721060987656,65.75082397460938,595500,0.0,0.0,AOS
2023-05-22 00:00:00-04:00,65.63550208238236,66.22170551637993,64.90514894085514,65.52979278564453,847700,0.0,0.0,AOS
2023-05-23 00:00:00-04:00,64.85709289950829,65.3375870093942,64.10752326116759,64.12674713134766,616100,0.0,0.0,AOS
2023-05-24 00:00:00-04:00,64.07869786417915,64.08830979973067,63.37717320409073,63.76156997680664,755900,0.0,0.0,AOS
2023-05-25 00:00:00-04:00,63.944155247630874,64.02103606269954,62.99277898936982,63.89610290527344,805800,0.0,0.0,AOS
2023-05-26 00:00:00-04:00,63.90572553632917,64.29973428068483,63.59820955634202,64.069091796875,728900,0.0,0.0,AOS
2023-05-30 00:00:00-04:00,64.02104897727844,64.29973648930175,63.36757658088985,64.08831787109375,720400,0.0,0.0,AOS
2023-05-31 00:00:00-04:00,63.646262690901075,63.934554801576354,61.387937831814476,61.445594787597656,4782000,0.0,0.0,AOS
2023-06-01 00:00:00-04:00,61.66661825625568,62.38735949066285,61.44559138427635,62.06062698364258,1361700,0.0,0.0,AOS
2023-06-02 00:00:00-04:00,62.88707460826864,65.77003941246053,62.88707460826864,65.7412109375,1371900,0.0,0.0,AOS
2023-06-05 00:00:00-04:00,65.64510243457558,66.03911112085368,65.05889903854509,65.7796401977539,1007200,0.0,0.0,AOS
2023-06-06 00:00:00-04:00,65.58744965699958,66.932834706059,65.46252382089557,65.96223449707031,671000,0.0,0.0,AOS
2023-06-07 00:00:00-04:00,66.01989316252279,67.41333059415567,65.68354872445929,67.34606170654297,646100,0.0,0.0,AOS
2023-06-08 00:00:00-04:00,67.04815373367164,67.51904330249424,66.59649536933044,67.01932525634766,583800,0.0,0.0,AOS
2023-06-09 00:00:00-04:00,67.16346216146322,67.17307409599054,65.77963685984032,66.10637664794922,502700,0.0,0.0,AOS
2023-06-12 00:00:00-04:00,66.23131822577537,66.40429642962863,65.55862928399026,65.89497375488281,650500,0.0,0.0,AOS
2023-06-13 00:00:00-04:00,66.01029001547701,67.2883989083305,65.99106614330113,67.00010681152344,873300,0.0,0.0,AOS
2023-06-14 00:00:00-04:00,67.08658290303858,67.57668893067789,66.46194644768893,66.91360473632812,638200,0.0,0.0,AOS
2023-06-15 00:00:00-04:00,67.08658878506401,67.85538233379643,66.0967720400081,67.75928497314453,780700,0.0,0.0,AOS
2023-06-16 00:00:00-04:00,68.13408145593301,68.4223735871574,67.62475875885272,68.23017883300781,1764900,0.0,0.0,AOS
2023-06-20 00:00:00-04:00,67.67279501611218,67.87460168135796,67.08659156059676,67.35566711425781,693200,0.0,0.0,AOS
2023-06-21 00:00:00-04:00,67.00011229464188,67.59592040919132,66.51961809554865,67.12503814697266,712400,0.0,0.0,AOS
2023-06-22 00:00:00-04:00,67.04815898286355,67.04815898286355,66.27937264425182,66.34664154052734,867400,0.0,0.0,AOS
2023-06-23 00:00:00-04:00,65.90458760228071,66.92323298130303,65.51057883084164,66.77908325195312,1112700,0.0,0.0,AOS
2023-06-26 00:00:00-04:00,66.77907167727845,68.29743487730444,66.77907167727845,68.18211364746094,822900,0.0,0.0,AOS
2023-06-27 00:00:00-04:00,68.43196976955745,69.85423555080513,68.43196976955745,69.45061492919922,937600,0.0,0.0,AOS
2023-06-28 00:00:00-04:00,69.31607818603516,69.73891535215077,68.94129336398116,69.31607818603516,673000,0.0,0.0,AOS
2023-06-29 00:00:00-04:00,69.10466949499977,69.99838154088717,69.10466949499977,69.55632781982422,651600,0.0,0.0,AOS
2023-06-30 00:00:00-04:00,70.04644417425182,70.36357210716349,69.47946453519123,69.94073486328125,452600,0.0,0.0,AOS
2023-07-03 00:00:00-04:00,69.47945352776347,70.01760460253068,68.65300304479469,69.54672241210938,480500,0.0,0.0,AOS
2023-07-05 00:00:00-04:00,69.1911648071562,69.45062844920878,68.00914584905969,68.27822875976562,838500,0.0,0.0,AOS
2023-07-06 00:00:00-04:00,67.93226454814229,68.1725116205782,67.12503057224303,67.84577178955078,960900,0.0,0.0,AOS
2023-07-07 00:00:00-04:00,67.6727824877088,69.07582428044977,67.66317788525542,67.88420104980469,1152500,0.0,0.0,AOS
2023-07-10 00:00:00-04:00,67.97069176955897,69.62358514849012,67.81693015379382,69.37373352050781,828700,0.0,0.0,AOS
2023-07-11 00:00:00-04:00,69.68126055179853,70.78639851344388,69.68126055179853,70.3443374633789,1279800,0.0,0.0,AOS
2023-07-12 00:00:00-04:00,71.0554730955989,71.1515704536311,70.21941068402616,70.6230239868164,726700,0.0,0.0,AOS
2023-07-13 00:00:00-04:00,70.42122232758433,70.78640257845609,70.14253483730391,70.23863220214844,556300,0.0,0.0,AOS
2023-07-14 00:00:00-04:00,70.06565869974737,71.9587994441779,69.89268051685296,71.50714111328125,1284700,0.0,0.0,AOS
2023-07-17 00:00:00-04:00,71.68010327396914,72.55460601806641,71.34375888460781,72.07411193847656,1154600,0.0,0.0,AOS
2023-07-18 00:00:00-04:00,71.9107545497956,73.55404362416331,71.9107545497956,73.52521514892578,1231600,0.0,0.0,AOS
2023-07-19 00:00:00-04:00,73.5732580353986,73.79428855875686,72.93900960324437,73.65013885498047,784600,0.0,0.0,AOS
2023-07-20 00:00:00-04:00,73.7366413366979,73.93844801590217,73.06394507425755,73.38107299804688,661000,0.0,0.0,AOS
2023-07-21 00:00:00-04:00,73.28496072173303,73.47715542519255,72.79485469662589,73.0254898071289,747800,0.0,0.0,AOS
2023-07-24 00:00:00-04:00,73.03510472462052,73.390673005476,72.24709467744101,72.47772979736328,1070700,0.0,0.0,AOS
2023-07-25 00:00:00-04:00,72.18945040198176,73.16965533252777,71.84349399549268,72.23749542236328,1819900,0.0,0.0,AOS
2023-07-26 00:00:00-04:00,72.31436611845533,72.66993441189275,71.53596797882471,72.14138793945312,1592800,0.0,0.0,AOS
2023-07-27 00:00:00-04:00,71.25728396052592,72.56422863596855,69.69086833811926,70.80561828613281,2442600,0.0,0.0,AOS
2023-07-28 00:00:00-04:00,71.95386381036674,71.95386381036674,69.43542973190657,69.65736389160156,1405400,0.3,0.0,AOS
2023-07-31 00:00:00-04:00,69.75385616692932,70.1012269025282,69.08806103007598,70.08192443847656,1218900,0.0,0.0,AOS
2023-08-01 00:00:00-04:00,70.02403222909783,70.47754443475625,69.49332489019262,70.04332733154297,1061900,0.0,0.0,AOS
2023-08-02 00:00:00-04:00,69.66701025913132,70.7187737048526,69.26174685218541,70.04332733154297,1012600,0.0,0.0,AOS
2023-08-03 00:00:00-04:00,70.08192871667426,70.24597022419493,69.17491161767045,69.76351165771484,953700,0.0,0.0,AOS
2023-08-04 00:00:00-04:00,70.26526099023923,71.13368782864238,69.64771465220433,70.0915756225586,1119100,0.0,0.0,AOS
2023-08-07 00:00:00-04:00,70.41000796415393,71.70299345469066,70.2459738099934,71.24948120117188,901200,0.0,0.0,AOS
2023-08-08 00:00:00-04:00,70.68018345965135,71.01790300042236,69.56087599682871,70.6705322265625,732500,0.0,0.0,AOS
2023-08-09 00:00:00-04:00,70.76702051305776,71.06614983665969,70.13983025258993,70.23632049560547,861200,0.0,0.0,AOS
2023-08-10 00:00:00-04:00,70.13018890128934,70.62229878026187,69.16527161170734,69.46439361572266,664500,0.0,0.0,AOS
2023-08-11 00:00:00-04:00,69.2328005319621,69.85034687459775,68.73104688922055,68.85648345947266,691700,0.0,0.0,AOS
2023-08-14 00:00:00-04:00,68.66350390589673,69.01086728675614,68.38367706537862,68.77928924560547,648800,0.0,0.0,AOS
2023-08-15 00:00:00-04:00,68.23892847767584,68.50910404815762,67.69857733671226,68.33541870117188,745700,0.0,0.0,AOS
2023-08-16 00:00:00-04:00,68.18104234477046,69.18454959930123,67.81436915394876,67.82402038574219,968500,0.0,0.0,AOS
2023-08-17 00:00:00-04:00,67.95912291414052,68.42228643808919,67.0714008017846,67.28368377685547,982400,0.0,0.0,AOS
2023-08-18 00:00:00-04:00,67.02314661608327,67.30297348242904,66.28016362468746,66.50209045410156,716300,0.0,0.0,AOS
2023-08-21 00:00:00-04:00,66.4538345806244,66.81084914912515,65.74944195117335,66.44418334960938,599300,0.0,0.0,AOS
2023-08-22 00:00:00-04:00,66.63717210417062,67.1196306507962,66.26085502674131,66.98454284667969,611600,0.0,0.0,AOS
2023-08-23 00:00:00-04:00,67.2643782024143,67.66964166606785,66.91700741593009,67.52490997314453,595300,0.0,0.0,AOS
2023-08-24 00:00:00-04:00,67.17752313703222,68.03629866462998,66.33804270996968,66.38629150390625,557500,0.0,0.0,AOS
2023-08-25 00:00:00-04:00,66.84945865005162,67.6889392167061,66.3187586371645,67.30297088623047,628000,0.0,0.0,AOS
2023-08-28 00:00:00-04:00,67.47665959069413,68.65385974385246,67.47665959069413,68.22929382324219,502200,0.0,0.0,AOS
2023-08-29 00:00:00-04:00,68.04594325060494,69.35823095278919,68.01699691863111,69.33893585205078,609600,0.0,0.0,AOS
2023-08-30 00:00:00-04:00,69.38719456479906,70.4292994734786,69.11701158371406,69.76351165771484,568500,0.0,0.0,AOS
2023-08-31 00:00:00-04:00,69.99508713029309,70.54508958135347,69.94683833072877,69.95648956298828,895600,0.0,0.0,AOS
2023-09-01 00:00:00-04:00,70.30386236094307,71.09509410947462,70.30386236094307,70.98895263671875,864000,0.0,0.0,AOS
2023-09-05 00:00:00-04:00,70.72841775085075,70.72841775085075,68.67313986693938,69.41613006591797,828600,0.0,0.0,AOS
2023-09-06 00:00:00-04:00,69.40648743232926,69.89859721557076,69.08806302189457,69.32929229736328,578500,0.0,0.0,AOS
2023-09-07 00:00:00-04:00,69.1652522283059,69.53191804536533,68.61524982185044,69.20384979248047,698400,0.0,0.0,AOS
2023-09-08 00:00:00-04:00,69.09771190435535,69.1749070366961,67.57314116842396,67.72753143310547,710100,0.0,0.0,AOS
2023-09-11 00:00:00-04:00,68.15209363162838,68.21963753565443,67.66963507094698,68.03630828857422,547500,0.0,0.0,AOS
2023-09-12 00:00:00-04:00,67.54420316295246,67.60209583848014,65.5371736450086,65.87489318847656,1102900,0.0,0.0,AOS
2023-09-13 00:00:00-04:00,65.75910704408928,65.80734848586904,64.30208004643798,64.76524353027344,1395600,0.0,0.0,AOS
2023-09-14 00:00:00-04:00,65.19946070129166,65.57577785378172,64.61086056806674,65.36349487304688,914200,0.0,0.0,AOS
2023-09-15 00:00:00-04:00,65.02576438959059,65.18015466304404,64.08979360154595,64.4275131225586,1233200,0.0,0.0,AOS
2023-09-18 00:00:00-04:00,64.52399858174347,65.30557894925124,63.59767920054448,64.80382537841797,1006400,0.0,0.0,AOS
2023-09-19 00:00:00-04:00,64.53365183191714,64.79418356678102,63.877507921301635,64.65909576416016,684600,0.0,0.0,AOS
2023-09-20 00:00:00-04:00,64.97751317025799,65.35383760736073,63.945052180599575,64.02224731445312,586100,0.0,0.0,AOS
2023-09-21 00:00:00-04:00,63.71347724370775,63.742423579879265,62.80645278108812,62.88364791870117,749500,0.0,0.0,AOS
2023-09-22 00:00:00-04:00,62.922246155337966,63.12487787242275,62.14066562347756,62.24680709838867,1275200,0.0,0.0,AOS
2023-09-25 00:00:00-04:00,62.11171593978403,62.58452325416883,61.88978176918443,62.20820617675781,1116200,0.0,0.0,AOS
2023-09-26 00:00:00-04:00,62.0441674426866,63.520489308074225,62.0441674426866,63.173118591308594,1299600,0.0,0.0,AOS
2023-09-27 00:00:00-04:00,63.59769221515377,63.99330441435355,62.883648231283885,63.15382385253906,1241800,0.0,0.0,AOS
2023-09-28 00:00:00-04:00,63.67487515630869,64.91961905548716,63.57838492200641,64.14768981933594,882300,0.0,0.0,AOS
2023-09-29 00:00:00-04:00,64.4468120265239,64.82312909510607,63.69417788935955,63.80996322631836,996500,0.0,0.0,AOS
2023-10-02 00:00:00-04:00,63.5880299941522,64.4757518425119,63.221356832897165,63.73276901245117,935300,0.0,0.0,AOS
2023-10-03 00:00:00-04:00,63.452946695832296,64.16698324509403,62.671358886417515,63.076629638671875,859800,0.0,0.0,AOS
2023-10-04 00:00:00-04:00,63.37575973541347,64.04155493547782,62.58452795403668,63.91611099243164,829300,0.0,0.0,AOS
2023-10-05 00:00:00-04:00,63.99330448050162,64.46611181818692,63.13452881416703,63.7520751953125,1065400,0.0,0.0,AOS
2023-10-06 00:00:00-04:00,63.68453151334464,65.40208285203929,63.43365099458243,64.92927551269531,1137400,0.0,0.0,AOS
2023-10-09 00:00:00-04:00,64.1959350349124,66.45384493152314,64.1187398982328,66.22225952148438,1077200,0.0,0.0,AOS
2023-10-10 00:00:00-04:00,67.48631369122172,67.83368448434645,66.53104032926159,66.83016967773438,1289800,0.0,0.0,AOS
2023-10-11 00:00:00-04:00,66.83016215086771,68.66350616104585,66.7722621173785,68.59595489501953,1189600,0.0,0.0,AOS
2023-10-12 00:00:00-04:00,68.49946383745963,68.5187663023035,66.82051012097604,67.47665405273438,930900,0.0,0.0,AOS
2023-10-13 00:00:00-04:00,67.78542323103872,68.40296955836862,66.99419153903897,67.79507446289062,1235200,0.0,0.0,AOS
2023-10-16 00:00:00-04:00,68.49947003131304,69.53193114181735,68.0363138974473,69.37754821777344,1238800,0.0,0.0,AOS
2023-10-17 00:00:00-04:00,69.01086065299505,70.15911423961728,68.63454361164924,69.30998992919922,930600,0.0,0.0,AOS
2023-10-18 00:00:00-04:00,68.25823742392267,68.45122527179466,66.00033481682274,66.06787872314453,1118300,0.0,0.0,AOS
2023-10-19 00:00:00-04:00,65.95208112116924,66.2705055252326,64.35032259220775,64.65909576416016,1043300,0.0,0.0,AOS
2023-10-20 00:00:00-04:00,64.6783875767209,65.1415509919568,63.945048569986,64.32137298583984,1008500,0.0,0.0,AOS
2023-10-23 00:00:00-04:00,64.25381724052397,64.89066597179686,64.0415416918319,64.06083679199219,846500,0.0,0.0,AOS
2023-10-24 00:00:00-04:00,64.59156400032462,64.95822991037711,63.7327882244043,64.30208587646484,1100500,0.0,0.0,AOS
2023-10-25 00:00:00-04:00,63.308217555382015,63.82927372246452,62.79681262150492,62.9029541015625,1630800,0.0,0.0,AOS
2023-10-26 00:00:00-04:00,64.10908306783543,67.6599776582177,62.91258077637428,66.69506072998047,2186400,0.0,0.0,AOS
2023-10-27 00:00:00-04:00,67.21613290908616,67.38981093064726,65.09331073973473,65.4310302734375,1586700,0.0,0.0,AOS
2023-10-30 00:00:00-04:00,66.6138076493986,67.87415045812082,65.89638549811161,67.37001037597656,1683300,0.32,0.0,AOS
2023-10-31 00:00:00-04:00,67.4378720330785,68.16499115038734,67.25367355307421,67.63177490234375,1358400,0.0,0.0,AOS
2023-11-01 00:00:00-04:00,67.94201694390838,68.85333460624021,67.05977546824313,68.64974212646484,1152100,0.0,0.0,AOS
2023-11-02 00:00:00-04:00,69.74526776560364,70.28818100367333,69.12479338019882,69.17326354980469,1086100,0.0,0.0,AOS
2023-11-03 00:00:00-04:00,70.04581357750808,70.60812084578033,69.35747498219773,69.37686157226562,1206700,0.0,0.0,AOS
2023-11-06 00:00:00-05:00,69.32838064916854,70.25909215753043,68.73698988917229,68.92118835449219,1335700,0.0,0.0,AOS
2023-11-07 00:00:00-05:00,68.57218242336923,69.28960453702636,68.15530050665534,68.49462127685547,1101600,0.0,0.0,AOS
2023-11-08 00:00:00-05:00,68.74669409725121,69.43503265808604,68.29103158877106,68.96967315673828,744800,0.0,0.0,AOS
2023-11-09 00:00:00-05:00,69.24112764026398,69.78404827446762,68.80485913102571,69.19265747070312,832900,0.0,0.0,AOS
2023-11-10 00:00:00-05:00,69.70649570547283,70.74385213870289,69.52228980721361,70.59842681884766,846600,0.0,0.0,AOS
2023-11-13 00:00:00-05:00,70.20093331867764,71.39340457519286,70.20093331867764,71.1413345336914,1036400,0.0,0.0,AOS
2023-11-14 00:00:00-05:00,72.31441632706766,73.93347384816876,72.17868801703113,73.70079040527344,1191900,0.0,0.0,AOS
2023-11-15 00:00:00-05:00,73.68140625,74.63151184827089,72.55679176211358,72.7119140625,1082200,0.0,0.0,AOS
2023-11-16 00:00:00-05:00,72.79916615986798,73.59415686914288,72.75069598757659,73.33238983154297,833900,0.0,0.0,AOS
2023-11-17 00:00:00-05:00,73.80743926446037,74.10798687919295,73.54567962235245,74.04981231689453,669800,0.0,0.0,AOS
2023-11-20 00:00:00-05:00,73.71048664368917,73.94316268756562,72.7797750715453,73.78804779052734,895200,0.0,0.0,AOS
2023-11-21 00:00:00-05:00,73.59414708677467,73.94315742945211,73.11909064365078,73.55536651611328,497200,0.0,0.0,AOS
2023-11-22 00:00:00-05:00,73.83652749837096,74.09828713074555,73.36147100768487,73.5650634765625,654900,0.0,0.0,AOS
2023-11-24 00:00:00-05:00,73.4681146231353,74.001338269223,73.3808638792145,73.69110107421875,238200,0.0,0.0,AOS
2023-11-27 00:00:00-05:00,73.22574956112189,73.81714043425372,73.06093765133471,73.64263153076172,580300,0.0,0.0,AOS
2023-11-28 00:00:00-05:00,73.36147095688254,73.96255876694187,72.80886071412928,72.82825469970703,583200,0.0,0.0,AOS
2023-11-29 00:00:00-05:00,73.42933517835858,73.73957237813359,72.67313246619693,72.8088607788086,641600,0.0,0.0,AOS
2023-11-30 00:00:00-05:00,72.80885071391086,73.53596974380338,72.1592928223998,73.06092071533203,955500,0.0,0.0,AOS
2023-12-01 00:00:00-05:00,73.16757480528214,74.50547132889906,72.89611818280667,74.3988265991211,696600,0.0,0.0,AOS
2023-12-04 00:00:00-05:00,73.7783563253384,74.9805246048418,73.59415783359553,74.73815155029297,1238800,0.0,0.0,AOS
2023-12-05 00:00:00-05:00,74.3406559699117,74.69937071667886,73.61353688076805,73.98194122314453,874500,0.0,0.0,AOS
2023-12-06 00:00:00-05:00,74.49577671909861,75.39740475638295,74.28249464935863,74.92235565185547,820600,0.0,0.0,AOS
2023-12-07 00:00:00-05:00,74.82541605091204,75.63978603297193,74.29219232696383,75.63009643554688,1180500,0.0,0.0,AOS
2023-12-08 00:00:00-05:00,75.73674124767876,76.87104546511617,75.40711001895244,75.61070251464844,827900,0.0,0.0,AOS
2023-12-11 00:00:00-05:00,75.93062869022177,76.2602598839619,75.29076768546743,75.65917205810547,818900,0.0,0.0,AOS
2023-12-12 00:00:00-05:00,75.96941050301298,77.58846072567374,75.9500165166097,77.05524444580078,986700,0.0,0.0,AOS
2023-12-13 00:00:00-05:00,76.84196195155195,77.65633193509917,75.86277265516748,77.10372161865234,1191500,0.0,0.0,AOS
2023-12-14 00:00:00-05:00,77.41394084930127,78.373735934227,77.22004539260594,78.13136291503906,1450200,0.0,0.0,AOS
2023-12-15 00:00:00-05:00,77.29762774322192,77.92779184870788,76.57050848614773,76.7837905883789,2910400,0.0,0.0,AOS
2023-12-18 00:00:00-05:00,76.91950186610916,77.42364191466172,76.4541497869015,76.96797943115234,926300,0.0,0.0,AOS
2023-12-19 00:00:00-05:00,77.23944421477721,78.4610064960452,77.23944421477721,78.43192291259766,913600,0.0,0.0,AOS
2023-12-20 00:00:00-05:00,78.23801902080861,78.86819044173053,77.77266689836438,77.78236389160156,790100,0.0,0.0,AOS
2023-12-21 00:00:00-05:00,78.55795526781031,79.08148196663352,78.35436278437443,79.07178497314453,621600,0.0,0.0,AOS
2023-12-22 00:00:00-05:00,79.44988485947127,79.52744601264442,78.76154626749658,79.23660278320312,449400,0.0,0.0,AOS
2023-12-26 00:00:00-05:00,79.20750286499184,79.55652061824689,78.93604625615744,79.3529281616211,420400,0.0,0.0,AOS
2023-12-27 00:00:00-05:00,79.47897164267947,79.88615658037999,79.1978180247515,79.65348052978516,441700,0.0,0.0,AOS
2023-12-28 00:00:00-05:00,79.43050072256061,79.92494384351104,79.33355297641945,79.73104095458984,452800,0.0,0.0,AOS
2023-12-29 00:00:00-05:00,79.52744665087815,80.24486883189064,79.52744665087815,79.92494201660156,610900,0.0,0.0,AOS
2024-01-02 00:00:00-05:00,79.20751462717324,80.10914272419939,78.71307890050392,78.95545196533203,613800,0.0,0.0,AOS
2024-01-03 00:00:00-05:00,78.40282996755064,78.40282996755064,75.70763567588796,76.30872344970703,1276800,0.0,0.0,AOS
2024-01-04 00:00:00-05:00,76.31842907832879,78.0053434775071,75.94032770259294,76.95829010009766,880600,0.0,0.0,AOS
2024-01-05 00:00:00-05:00,76.68683690791629,77.23944720472745,76.30873551518438,76.62866973876953,650300,0.0,0.0,AOS
2024-01-08 00:00:00-05:00,76.85165405273438,77.07464054404987,76.04698103705385,76.85165405273438,790000,0.0,0.0,AOS
2024-01-09 00:00:00-05:00,76.4347513973492,77.42363745279306,76.39597822351465,77.40424346923828,662300,0.0,0.0,AOS
2024-01-10 00:00:00-05:00,77.40425269222223,78.5385641729341,77.22975119926176,78.02473449707031,838600,0.0,0.0,AOS
2024-01-11 00:00:00-05:00,78.02473275248663,78.37374312724234,77.42364494694415,78.1992416381836,670800,0.0,0.0,AOS
2024-01-12 00:00:00-05:00,78.78093861567959,79.05239524950139,77.55937636684303,78.63551330566406,600300,0.0,0.0,AOS
2024-01-16 00:00:00-05:00,78.09260138636714,78.64521165665673,77.85991792766936,78.50948333740234,695800,0.0,0.0,AOS
2024-01-17 00:00:00-05:00,78.37374840802616,79.21720931183316,77.57876507442735,77.67572021484375,618700,0.0,0.0,AOS
2024-01-18 00:00:00-05:00,78.28649310788653,78.499782569785,77.40425167851343,78.1216812133789,569900,0.0,0.0,AOS
2024-01-19 00:00:00-05:00,78.10228861786699,79.1396449674052,77.62723951486234,78.73246002197266,772300,0.0,0.0,AOS
2024-01-22 00:00:00-05:00,79.14934081743813,79.89585393658965,78.90696777294654,79.61470031738281,889100,0.0,0.0,AOS
2024-01-23 00:00:00-05:00,79.57591460267098,79.83767421929335,78.83909852395055,79.3529281616211,1234200,0.0,0.0,AOS
2024-01-24 00:00:00-05:00,79.72134727685771,79.72134727685771,77.85022702522043,77.87931060791016,803800,0.0,0.0,AOS
2024-01-25 00:00:00-05:00,78.43191915170792,78.97483240773214,78.34466100891068,78.7906265258789,1034400,0.0,0.0,AOS
2024-01-26 00:00:00-05:00,78.85847882610834,79.207496551544,78.12167020275508,78.4512939453125,846600,0.0,0.0,AOS
2024-01-29 00:00:00-05:00,78.48039335684692,79.30446767277654,78.15076954778607,79.15904235839844,962700,0.0,0.0,AOS
2024-01-30 00:00:00-05:00,76.65764450445926,78.20519872903365,74.87649130483322,77.5920181274414,2496500,0.32,0.0,AOS
2024-01-31 00:00:00-05:00,77.72828575272933,77.72828575272933,75.03222161573237,75.53834533691406,2569400,0.0,0.0,AOS
2024-02-01 00:00:00-05:00,76.20991815332846,77.57254160298156,75.86925486517433,77.44601440429688,1200000,0.0,0.0,AOS
2024-02-02 00:00:00-05:00,76.90096937888117,76.98856342314414,75.18794739779504,76.23912048339844,1058100,0.0,0.0,AOS
2024-02-05 00:00:00-05:00,75.95686486439156,75.95686486439156,74.83756054006719,75.03221893310547,999900,0.0,0.0,AOS
2024-02-06 00:00:00-05:00,75.11008963205138,76.36565638972533,75.04195844794856,76.13206481933594,974200,0.0,0.0,AOS
2024-02-07 00:00:00-05:00,76.91069009406856,78.26359320229179,76.81336091183957,77.70880126953125,878200,0.0,0.0,AOS
2024-02-08 00:00:00-05:00,78.07866636636403,78.66264891396263,77.60174815216163,78.10786437988281,835500,0.0,0.0,AOS
2024-02-09 00:00:00-05:00,78.14680999964254,78.64319858582957,77.84508724418677,78.39013671875,707600,0.0,0.0,AOS
2024-02-12 00:00:00-05:00,78.60426576940934,79.43157513290716,78.28307271658032,79.11038208007812,654000,0.0,0.0,AOS
2024-02-13 00:00:00-05:00,77.5044211875897,78.15654241556614,76.65764898717057,77.13456726074219,1136000,0.0,0.0,AOS
2024-02-14 00:00:00-05:00,77.86453646422062,79.29529850986921,77.60174692097985,79.00330352783203,1050600,0.0,0.0,AOS
2024-02-15 00:00:00-05:00,79.61649320015029,79.96688421575904,77.9132064287292,78.83784484863281,906700,0.0,0.0,AOS
2024-02-16 00:00:00-05:00,78.58479173565739,79.18824464629398,77.86454675735952,77.95214080810547,752000,0.0,0.0,AOS
2024-02-20 00:00:00-05:00,77.42656610047159,78.22467745355809,76.94964037764821,77.51416015625,1040500,0.0,0.0,AOS
2024-02-21 00:00:00-05:00,77.77695913747051,78.33174378195847,77.47522894433324,78.08841705322266,781200,0.0,0.0,AOS
2024-02-22 00:00:00-05:00,78.66265311380468,78.78918032105508,77.77694781156906,78.45825958251953,843000,0.0,0.0,AOS
2024-02-23 00:00:00-05:00,78.7989230831206,79.33424483041614,78.45826716472438,79.22718048095703,788500,0.0,0.0,AOS
2024-02-26 00:00:00-05:00,79.22717088333589,79.71382425801762,78.93517588823036,79.41209411621094,681300,0.0,0.0,AOS
2024-02-27 00:00:00-05:00,79.73328809234592,80.20047860503061,79.2758327264804,80.1031494140625,751300,0.0,0.0,AOS
2024-02-28 00:00:00-05:00,80.1420769804762,81.20298523576348,79.8403542538607,80.67739868164062,870700,0.0,0.0,AOS
2024-02-29 00:00:00-05:00,81.24191835829619,81.25165350533297,80.30754473778374,80.6871337890625,1464800,0.0,0.0,AOS
2024-03-01 00:00:00-05:00,80.33673289448019,81.83562604732363,80.30753488269437,81.6993637084961,1221800,0.0,0.0,AOS
2024-03-04 00:00:00-05:00,81.75777882232448,83.35400152908191,81.72858080372099,82.82841491699219,1016500,0.0,0.0,AOS
2024-03-05 00:00:00-05:00,82.5948219482682,82.71162144645294,80.93046808428187,81.4560546875,990000,0.0,0.0,AOS
2024-03-06 00:00:00-05:00,81.90375942694155,82.90626412925735,81.85509112215816,82.24441528320312,674700,0.0,0.0,AOS
2024-03-07 00:00:00-05:00,82.87708342273112,84.49276900369847,82.61428640320977,84.33704376220703,914100,0.0,0.0,AOS
2024-03-08 00:00:00-05:00,84.71661782089501,85.26166720799306,83.37345722022872,83.52918243408203,627400,0.0,0.0,AOS
2024-03-11 00:00:00-04:00,83.35398412676088,83.53891477363027,82.36121457279725,83.03279113769531,699400,0.0,0.0,AOS
2024-03-12 00:00:00-04:00,83.12039436034316,83.77250807261946,82.75053305877563,83.63624572753906,658700,0.0,0.0,AOS
2024-03-13 00:00:00-04:00,83.67518438832717,84.23970409834179,83.25666217928065,83.86011505126953,810300,0.0,0.0,AOS
2024-03-14 00:00:00-04:00,83.95743979707613,84.57062035777945,83.69464282410259,84.30783081054688,941300,0.0,0.0,AOS
2024-03-15 00:00:00-04:00,83.74332157797109,85.5634080458043,83.74332157797109,84.76528930664062,2636400,0.0,0.0,AOS
2024-03-18 00:00:00-04:00,84.78474862944132,85.1448747876477,83.39291972845581,83.568115234375,1064200,0.0,0.0,AOS
2024-03-19 00:00:00-04:00,83.67518588839543,84.50249517439097,83.41238889679333,84.46356201171875,773200,0.0,0.0,AOS
2024-03-20 00:00:00-04:00,84.60956641743378,85.3784797350168,84.11317783504636,85.30061340332031,563900,0.0,0.0,AOS
2024-03-21 00:00:00-04:00,85.48554505357059,87.55868603472747,85.48554505357059,87.48081970214844,758300,0.0,0.0,AOS
2024-03-22 00:00:00-04:00,87.1498895385019,87.42241424742677,86.56590695855694,86.8968276977539,1008400,0.0,0.0,AOS
2024-03-25 00:00:00-04:00,86.99416135819372,87.46135190158971,85.6607357602198,85.68993377685547,747900,0.0,0.0,AOS
2024-03-26 00:00:00-04:00,85.67045729791408,86.33230618826757,85.27140538979545,85.53419494628906,892400,0.0,0.0,AOS
2024-03-27 00:00:00-04:00,86.05978740094609,86.49777992619893,85.65100031797016,86.47830963134766,776300,0.0,0.0,AOS
2024-03-28 00:00:00-04:00,86.69243244366534,87.22775412966165,86.36151171104306,87.072021484375,1003700,0.0,0.0,AOS
2024-04-01 00:00:00-04:00,86.94549037431474,87.37374027813614,86.3128395262998,86.70216369628906,676200,0.0,0.0,AOS
2024-04-02 00:00:00-04:00,86.34203502246453,86.52696566860996,85.5439238388368,86.18630981445312,921100,0.0,0.0,AOS
2024-04-03 00:00:00-04:00,86.18630881838841,87.03308087097192,85.93324700433628,86.28363800048828,899000,0.0,0.0,AOS
2024-04-04 00:00:00-04:00,87.00388194565888,87.29587691463408,84.63874645932938,84.8139419555664,1036500,0.0,0.0,AOS
2024-04-05 00:00:00-04:00,85.05728770004934,85.68020350956279,84.47330505684825,85.20328521728516,921500,0.0,0.0,AOS
2024-04-08 00:00:00-04:00,85.69967172281669,85.69967172281669,84.62902823960216,84.64849853515625,902700,0.0,0.0,AOS
2024-04-09 00:00:00-04:00,84.77502297267672,84.77502297267672,82.90627565084758,84.1618423461914,1251600,0.0,0.0,AOS
2024-04-10 00:00:00-04:00,82.53641558308718,83.77251189144789,81.63124000622386,83.2469253540039,1002800,0.0,0.0,AOS
2024-04-11 00:00:00-04:00,83.66544928081817,84.07423634312838,82.81866971539725,83.85037994384766,901800,0.0,0.0,AOS
2024-04-12 00:00:00-04:00,83.05227284036533,84.26890636694138,83.05227284036533,84.1910400390625,1178400,0.0,0.0,AOS
2024-04-15 00:00:00-04:00,85.59260204824949,85.64126293262262,82.72134254353874,82.8770751953125,770900,0.0,0.0,AOS
2024-04-16 00:00:00-04:00,82.71160482282897,83.46104769809826,82.35147867844518,83.12039184570312,886900,0.0,0.0,AOS
2024-04-17 00:00:00-04:00,83.5389266119925,84.48303542081396,82.93547370693604,84.15210723876953,1686700,0.0,0.0,AOS
2024-04-18 00:00:00-04:00,84.67769166510013,85.58286728682569,84.20077341194111,84.37596893310547,1199500,0.0,0.0,AOS
2024-04-19 00:00:00-04:00,84.49275928199086,85.10594730649261,83.55838566332406,83.77251434326172,1134600,0.0,0.0,AOS
2024-04-22 00:00:00-04:00,83.94770952235338,85.55366718966842,83.4902541490115,84.58036041259766,1268000,0.0,0.0,AOS
2024-04-23 00:00:00-04:00,84.91127885902057,85.8748578888285,84.59982099579996,85.57312774658203,695200,0.0,0.0,AOS
2024-04-24 00:00:00-04:00,85.4271315407428,86.40043830624434,83.99637683307827,84.67768859863281,1267300,0.0,0.0,AOS
2024-04-25 00:00:00-04:00,81.66043357676575,81.6701687229686,78.4874516570497,80.60926055908203,2381000,0.0,0.0,AOS
2024-04-26 00:00:00-04:00,80.13234619126014,81.86483101125725,80.13234619126014,80.98885345458984,1316200,0.0,0.0,AOS
2024-04-29 00:00:00-04:00,80.99862506879725,82.40559247208179,80.99862506879725,82.37628173828125,1479000,0.32,0.0,AOS
2024-04-30 00:00:00-04:00,82.08316559223948,82.99183559711328,80.77389568694221,80.93999481201172,1545500,0.0,0.0,AOS
2024-05-01 00:00:00-04:00,80.93022726028754,82.05385255041959,80.66641575903849,80.89114379882812,973900,0.0,0.0,AOS
2024-05-02 00:00:00-04:00,81.18426428676571,82.00500212630887,80.92046022137491,81.63372039794922,734400,0.0,0.0,AOS
2024-05-03 00:00:00-04:00,82.54238832049829,82.93320804371665,82.10270495026505,82.37628173828125,558200,0.0,0.0,AOS
2024-05-06 00:00:00-04:00,83.03092235271792,83.50968174283892,82.83550503217262,83.197021484375,567900,0.0,0.0,AOS
2024-05-07 00:00:00-04:00,83.48038198941308,83.86143649658982,82.95276633615077,83.26542663574219,559200,0.0,0.0,AOS
2024-05-08 00:00:00-04:00,83.2751935975806,83.74418028727284,83.07977626486797,83.6171646118164,500200,0.0,0.0,AOS
2024-05-09 00:00:00-04:00,83.72464256394527,84.53560027061192,83.5389979608436,84.40858459472656,674100,0.0,0.0,AOS
2024-05-10 00:00:00-04:00,84.66261522190213,85.3563299159366,84.30109878089473,84.3988037109375,459800,0.0,0.0,AOS
2024-05-13 00:00:00-04:00,84.71147167758205,84.92642701590522,84.01775692034488,84.08615112304688,514600,0.0,0.0,AOS
2024-05-14 00:00:00-04:00,84.55514625612662,84.78963960322052,84.1545463110325,84.4183578491211,508800,0.0,0.0,AOS
2024-05-15 00:00:00-04:00,85.09252936865617,85.81556234382963,84.43789805317499,84.77986907958984,691300,0.0,0.0,AOS
2024-05-16 00:00:00-04:00,84.51605908883793,85.2097738238242,83.40220642089844,83.40220642089844,770700,0.0,0.0,AOS
2024-05-17 00:00:00-04:00,83.52922965464391,83.75395773632266,82.89413633276166,83.71487426757812,634900,0.0,0.0,AOS
2024-05-20 00:00:00-04:00,83.86142625778334,84.45743604586295,83.65624366007852,83.84188079833984,664700,0.0,0.0,AOS
2024-05-21 00:00:00-04:00,83.47059575668436,83.92981712807983,83.08954131114521,83.77348327636719,717100,0.0,0.0,AOS
2024-05-22 00:00:00-04:00,83.60738280514066,84.7700915817275,82.90389539256404,83.11885070800781,791000,0.0,0.0,AOS
2024-05-23 00:00:00-04:00,83.31426643127301,83.42174409656242,81.95614770197089,82.14179229736328,635000,0.0,0.0,AOS
2024-05-24 00:00:00-04:00,82.41537230626017,83.05046559285202,82.25904589437809,82.83551025390625,590100,0.0,0.0,AOS
2024-05-28 00:00:00-04:00,82.7475706541177,82.87458631832773,80.54917617301496,80.64688110351562,872500,0.0,0.0,AOS
2024-05-29 00:00:00-04:00,79.88477279999157,80.4416991078117,79.073807707465,79.24967956542969,1391100,0.0,0.0,AOS
2024-05-30 00:00:00-04:00,79.39624006484785,80.5491761347887,79.30830040935312,80.17788696289062,864600,0.0,0.0,AOS
2024-05-31 00:00:00-04:00,80.32444706440728,81.84866483245656,80.19743140187259,81.72164916992188,2391400,0.0,0.0,AOS
2024-06-03 00:00:00-04:00,81.60439882517932,81.82912687145249,79.36692836373769,80.3146743774414,755300,0.0,0.0,AOS
2024-06-04 00:00:00-04:00,80.06065136377629,80.29514470923405,79.2106027366794,79.386474609375,814200,0.0,0.0,AOS
2024-06-05 00:00:00-04:00,79.50372632903984,80.46124518729214,78.81001155700544,80.19744110107422,520300,0.0,0.0,AOS
2024-06-06 00:00:00-04:00,80.0411034883833,80.51987034952671,78.53642361280858,79.02495574951172,568200,0.0,0.0,AOS
2024-06-07 00:00:00-04:00,78.66345628518006,79.50373225863174,78.38987944813248,79.22038269042969,526300,0.0,0.0,AOS
2024-06-10 00:00:00-04:00,78.85885477780103,79.66004716518175,78.7416043841324,79.61119842529297,450300,0.0,0.0,AOS
2024-06-11 00:00:00-04:00,79.33761162747585,79.7675222693898,78.52665399078599,79.71866607666016,466600,0.0,0.0,AOS
2024-06-12 00:00:00-04:00,81.71188162178287,82.36652034326885,81.20381148502067,81.67279815673828,712000,0.0,0.0,AOS
2024-06-13 00:00:00-04:00,81.42852832282057,81.90729515665478,80.43192610073295,81.75096130371094,687900,0.0,0.0,AOS
2024-06-14 00:00:00-04:00,80.70549871419423,80.98884821719138,79.1324248087596,80.56871032714844,699600,0.0,0.0,AOS
2024-06-17 00:00:00-04:00,80.27560770845614,81.7802801938624,80.27560770845614,81.7607421875,714800,0.0,0.0,AOS
2024-06-18 00:00:00-04:00,81.62394140518204,82.70848322689767,81.29173571211201,82.28834533691406,782100,0.0,0.0,AOS
2024-06-20 00:00:00-04:00,81.9659208930666,82.60101415851175,81.57509369476122,81.99523162841797,643900,0.0,0.0,AOS
2024-06-21 00:00:00-04:00,82.03431794670243,82.32744021922795,80.8520710351585,82.21018981933594,1486400,0.0,0.0,AOS
2024-06-24 00:00:00-04:00,82.39583296518764,83.62692859744311,81.99523303011401,82.49353790283203,928600,0.0,0.0,AOS
2024-06-25 00:00:00-04:00,82.00501081768819,82.28836037241817,80.13881433962807,81.02794647216797,922500,0.0,0.0,AOS
2024-06-26 00:00:00-04:00,80.60780520982642,80.66642668274993,79.89454498681766,80.49055480957031,876900,0.0,0.0,AOS
2024-06-27 00:00:00-04:00,79.81636845869518,80.7738870991593,79.7968230022896,80.1387939453125,868500,0.0,0.0,AOS
2024-06-28 00:00:00-04:00,80.25605585557018,81.45784814739046,79.39624201033219,79.90431213378906,1378400,0.0,0.0,AOS
2024-07-01 00:00:00-04:00,80.30492007729933,80.35376882140268,78.33124594617342,78.34101867675781,623200,0.0,0.0,AOS
2024-07-02 00:00:00-04:00,78.16514239115733,79.23991160815397,77.85248211976906,79.03472900390625,1028800,0.0,0.0,AOS
2024-07-03 00:00:00-04:00,78.91748574833346,79.80661790161074,78.68299238717411,79.1812973022461,539800,0.0,0.0,AOS
2024-07-05 00:00:00-04:00,78.52666234273882,78.8100118910088,77.35418068220002,78.63414001464844,1190100,0.0,0.0,AOS
2024-07-08 00:00:00-04:00,78.868630273481,79.48417808940927,78.58528073631783,79.2008285522461,726800,0.0,0.0,AOS
2024-07-09 00:00:00-04:00,78.98587292284867,79.45486705781659,78.36055237916406,78.87840270996094,968600,0.0,0.0,AOS
2024-07-10 00:00:00-04:00,79.31807913586809,81.22335151421167,79.22037419802642,81.08656311035156,1014100,0.0,0.0,AOS
2024-07-11 00:00:00-04:00,82.25903921957365,84.39880479633928,81.84866658106314,84.1056900024414,1004700,0.0,0.0,AOS
2024-07-12 00:00:00-04:00,84.94598030733538,86.60698678574255,84.66263074018879,85.81556701660156,999000,0.0,0.0,AOS
2024-07-15 00:00:00-04:00,86.19660479840223,87.1443582638068,85.68852724063093,85.78623962402344,1154700,0.0,0.0,AOS
2024-07-16 00:00:00-04:00,86.73398629604169,90.02669535420408,86.47018224033289,89.87036895751953,1338300,0.0,0.0,AOS
2024-07-17 00:00:00-04:00,89.37206804089533,90.01692656888626,88.07257080078125,88.07257080078125,850900,0.0,0.0,AOS
2024-07-18 00:00:00-04:00,87.74037260203094,90.32958690012661,86.80238436246918,86.97825622558594,1025900,0.0,0.0,AOS
2024-07-19 00:00:00-04:00,87.31046645591688,87.62312673378193,85.56152046415616,85.97188568115234,1038600,0.0,0.0,AOS
2024-07-22 00:00:00-04:00,86.12821277795311,87.03688280383196,84.68215444747607,86.7730712890625,1138800,0.0,0.0,AOS
2024-07-23 00:00:00-04:00,79.0640350489614,83.11885306082407,77.99903862518124,78.62435913085938,2721300,0.0,0.0,AOS
2024-07-24 00:00:00-04:00,79.02495778876258,80.60780463611351,78.80023717454912,78.90771484375,2167100,0.0,0.0,AOS
2024-07-25 00:00:00-04:00,79.30830611373383,81.41876854450541,79.24968464212648,80.2951431274414,1505600,0.0,0.0,AOS
2024-07-26 00:00:00-04:00,81.63372729824216,82.96253537598821,81.38946121710369,82.56193542480469,1149800,0.0,0.0,AOS
2024-07-29 00:00:00-04:00,82.56193542480469,83.33381713573137,81.89753138593166,82.56193542480469,1059000,0.0,0.0,AOS
2024-07-30 00:00:00-04:00,83.26541459519044,84.00798549474456,83.04068654310132,83.4901351928711,881100,0.0,0.0,AOS
2024-07-31 00:00:00-04:00,83.97070763303476,84.19627296093124,83.12727318431367,83.4018783569336,1746400,0.32,0.0,AOS
2024-08-01 00:00:00-04:00,83.38225873167599,84.21589119045383,79.79276510421857,80.95003509521484,874700,0.0,0.0,AOS
2024-08-02 00:00:00-04:00,80.12621606897726,80.87157834137814,78.7237617518271,80.81273651123047,1106000,0.0,0.0,AOS
2024-08-05 00:00:00-04:00,79.17490269498978,80.96964574991365,78.13531636865093,80.07717895507812,1243300,0.0,0.0,AOS
2024-08-06 00:00:00-04:00,80.22429294358548,81.82289162667725,79.724114957615,80.08699035644531,860000,0.0,0.0,AOS
2024-08-07 00:00:00-04:00,80.41063149541428,82.0092377325475,78.4197364102674,78.72376251220703,1291700,0.0,0.0,AOS
2024-08-08 00:00:00-04:00,79.24356301699119,79.92026654795545,78.25301642161041,78.93952941894531,1075100,0.0,0.0,AOS
2024-08-09 00:00:00-04:00,78.97875624936003,79.70449959710146,78.07647992704038,78.72376251220703,628000,0.0,0.0,AOS
2024-08-12 00:00:00-04:00,78.66492266064667,78.8610745720187,77.2428568447436,77.35073852539062,698800,0.0,0.0,AOS
2024-08-13 00:00:00-04:00,77.97840487552821,78.25301005211034,77.11535148349307,78.03724670410156,679900,0.0,0.0,AOS
2024-08-14 00:00:00-04:00,78.40992198241864,78.80221828803724,77.6449483017987,78.22358703613281,652200,0.0,0.0,AOS
2024-08-15 00:00:00-04:00,79.30239753094081,79.68488437735775,78.32166049245025,78.70414733886719,735100,0.0,0.0,AOS
2024-08-16 00:00:00-04:00,78.61588538719914,78.9689438407692,77.89994404963544,78.11570739746094,834200,0.0,0.0,AOS
2024-08-19 00:00:00-04:00,78.3706940517972,79.15527913020584,78.0568510415187,79.14546966552734,584900,0.0,0.0,AOS
2024-08-20 00:00:00-04:00,79.07682218377822,79.54757923942533,78.83163793201878,79.2435531616211,605300,0.0,0.0,AOS
2024-08-21 00:00:00-04:00,79.62603856971,80.36159131181493,79.45930759485319,80.30274200439453,573100,0.0,0.0,AOS
2024-08-22 00:00:00-04:00,80.24390301869491,80.51850818827515,79.32200782159299,79.56719207763672,627700,0.0,0.0,AOS
2024-08-23 00:00:00-04:00,80.24390323868428,81.489435970532,79.61623214008594,80.95003509521484,562300,0.0,0.0,AOS
2024-08-26 00:00:00-04:00,81.36193922859191,81.61693293930479,80.53812375426786,80.77349853515625,562100,0.0,0.0,AOS
2024-08-27 00:00:00-04:00,80.27332896929241,80.80292789347017,79.42989447698304,80.18506622314453,702400,0.0,0.0,AOS
2024-08-28 00:00:00-04:00,80.14582800768774,81.05791370754493,80.01832741025248,80.26351165771484,577000,0.0,0.0,AOS
2024-08-29 00:00:00-04:00,80.81273301399857,81.34233190969908,79.56719279195391,80.51850891113281,603700,0.0,0.0,AOS
2024-08-30 00:00:00-04:00,80.89120309747021,82.24461766532741,80.84216324719607,82.10731506347656,1007100,0.0,0.0,AOS
2024-09-03 00:00:00-04:00,81.92097216555914,82.05827476666282,79.09645189401549,79.6947021484375,740800,0.0,0.0,AOS
2024-09-04 00:00:00-04:00,79.52796655267039,79.69469754360291,78.22359191755339,78.8022232055664,625100,0.0,0.0,AOS
2024-09-05 00:00:00-04:00,78.33146718857364,78.40992046223259,75.45790746809135,76.36018371582031,1561800,0.0,0.0,AOS
2024-09-06 00:00:00-04:00,76.5367198516835,77.11535111637983,75.30098908051681,75.4284896850586,864900,0.0,0.0,AOS
2024-09-09 00:00:00-04:00,75.84038477297656,76.48766722331308,75.32059542344443,76.38959503173828,830900,0.0,0.0,AOS
2024-09-10 00:00:00-04:00,76.63479166476517,77.29188368541983,76.21307443850043,77.16439056396484,556700,0.0,0.0,AOS
2024-09-11 00:00:00-04:00,76.96824258726856,77.05650532516917,75.15387316228639,76.94862365722656,593100,0.0,0.0,AOS
2024-09-12 00:00:00-04:00,76.88978451708618,77.89013299370757,76.37979707219706,77.87052154541016,982200,0.0,0.0,AOS
2024-09-13 00:00:00-04:00,78.2137715864065,79.03758703098575,77.89012659785217,78.42953491210938,986200,0.0,0.0,AOS
2024-09-16 00:00:00-04:00,79.26316717329628,80.3517858849144,78.90029177528031,80.12621307373047,821000,0.0,0.0,AOS
2024-09-17 00:00:00-04:00,80.5086933408013,81.64635180435594,80.35177931828675,80.88137817382812,583600,0.0,0.0,AOS
2024-09-18 00:00:00-04:00,81.30310627994801,82.66633023683022,80.71466552227147,81.29329681396484,904200,0.0,0.0,AOS
2024-09-19 00:00:00-04:00,82.87228231673998,82.87228231673998,81.75424265686001,82.66632843017578,679500,0.0,0.0,AOS
2024-09-20 00:00:00-04:00,82.40152703229614,82.56825802428916,81.02850109186097,81.29329681396484,2338900,0.0,0.0,AOS
2024-09-23 00:00:00-04:00,81.69539559471245,82.57805291418977,81.4796322561986,82.36229705810547,668400,0.0,0.0,AOS
2024-09-24 00:00:00-04:00,82.42113666329983,84.11780744784377,82.22498477792264,84.08838653564453,940700,0.0,0.0,AOS
2024-09-25 00:00:00-04:00,84.31396300399726,84.46107505382763,83.51956841031479,84.18646240234375,805800,0.0,0.0,AOS
2024-09-26 00:00:00-04:00,85.255471040043,88.1780707064916,85.07893807384906,87.5896224975586,1799400,0.0,0.0,AOS
2024-09-27 00:00:00-04:00,88.23691090992463,90.28664769070049,88.0897988603998,88.84496307373047,1631300,0.0,0.0,AOS
2024-09-30 00:00:00-04:00,88.8547735973251,89.09014838991051,87.75635291030677,88.099609375,1065800,0.0,0.0,AOS
2024-10-01 00:00:00-04:00,88.2271017062247,88.41344413500396,86.53043084630617,87.22675323486328,847600,0.0,0.0,AOS
2024-10-02 00:00:00-04:00,86.71676877498186,86.83445991548419,85.45161707369412,86.33428192138672,981900,0.0,0.0,AOS
2024-10-03 00:00:00-04:00,85.95178815741681,86.3244655154,84.89259042534336,85.82429504394531,886000,0.0,0.0,AOS
2024-10-04 00:00:00-04:00,86.38331686541702,86.44215869111426,85.06912539288577,85.71641540527344,653500,0.0,0.0,AOS
2024-10-07 00:00:00-04:00,85.20642519097872,86.70695903910512,84.62779397071299,86.45196533203125,629900,0.0,0.0,AOS
2024-10-08 00:00:00-04:00,86.05967488452653,86.17736602248777,84.27473377881132,84.78471374511719,1536800,0.0,0.0,AOS
2024-10-09 00:00:00-04:00,85.30451486614253,86.18717225587656,85.17701425645593,85.99102783203125,635500,0.0,0.0,AOS
2024-10-10 00:00:00-04:00,85.32412437310232,85.70661122859424,84.50030883279048,84.59838104248047,808400,0.0,0.0,AOS
2024-10-11 00:00:00-04:00,78.7924131471378,81.5973217849741,77.96859759431152,79.31221008300781,2379100,0.0,0.0,AOS
2024-10-14 00:00:00-04:00,79.4691200262403,81.11675852935535,79.09644265000381,81.02849578857422,1345400,0.0,0.0,AOS
2024-10-15 00:00:00-04:00,80.91080860463788,81.41098660745607,79.34163078273092,79.39066314697266,1379200,0.0,0.0,AOS
2024-10-16 00:00:00-04:00,79.79276227288454,80.34197259406271,78.6551037705247,78.68453216552734,1158100,0.0,0.0,AOS
2024-10-17 00:00:00-04:00,78.3314757432626,78.68454170179007,76.71325801375012,77.23304748535156,1772800,0.0,0.0,AOS
2024-10-18 00:00:00-04:00,77.47823176308283,77.64495527615682,76.77209984602791,77.23304748535156,1032200,0.0,0.0,AOS
2024-10-21 00:00:00-04:00,77.31150268214215,78.06666691089924,76.60537081594185,77.08592987060547,1196600,0.0,0.0,AOS
2024-10-22 00:00:00-04:00,78.12551867715544,78.7139594233427,76.49749154752627,76.70344543457031,1549900,0.0,0.0,AOS
2024-10-23 00:00:00-04:00,76.4876775722189,78.69433585214483,75.74232282945991,75.81097412109375,1396300,0.0,0.0,AOS
2024-10-24 00:00:00-04:00,75.7128942554347,76.49748685719833,75.0558022538547,75.8501968383789,851400,0.0,0.0,AOS
2024-10-25 00:00:00-04:00,75.87962786085,76.60537117902683,75.18330545683263,75.3892593383789,822000,0.0,0.0,AOS
2024-10-28 00:00:00-04:00,75.84039917824693,76.74267548400087,75.45791232075494,75.51675415039062,710300,0.0,0.0,AOS
2024-10-29 00:00:00-04:00,74.59485021740879,75.55597572318736,74.05544938295776,74.87926483154297,877300,0.0,0.0,AOS
2024-10-30 00:00:00-04:00,74.60466794517629,75.42849096743672,74.25160200455467,74.44775390625,917400,0.0,0.0,AOS
2024-10-31 00:00:00-04:00,74.29013506900256,74.7038960978375,73.69903929512981,73.98473358154297,1977500,0.34,0.0,AOS
2024-11-01 00:00:00-04:00,74.29012703695787,75.17675556971719,73.91576541850074,74.2802734375,811300,0.0,0.0,AOS
2024-11-04 00:00:00-05:00,74.28027274576229,75.14720158762674,73.68918455739588,74.02413177490234,716400,0.0,0.0,AOS
2024-11-05 00:00:00-05:00,73.88621338629157,74.86150929848421,73.68918649036584,74.79254913330078,709000,0.0,0.0,AOS
2024-11-06 00:00:00-05:00,75.85651612469199,76.76285191608534,74.34923850037391,75.0782470703125,1422200,0.0,0.0,AOS
2024-11-07 00:00:00-05:00,75.12750475066106,75.52156606319625,74.53641653990547,74.90091705322266,1299000,0.0,0.0,AOS
2024-11-08 00:00:00-05:00,74.88121442609052,75.14720147984096,73.69903053495925,73.748291015625,1289400,0.0,0.0,AOS
2024-11-11 00:00:00-05:00,73.96503389659154,74.58567543984395,73.58082615323124,73.98473358154297,1215100,0.0,0.0,AOS
2024-11-12 00:00:00-05:00,73.60052519771222,73.96503325294914,71.96518078155462,72.05384063720703,1323800,0.0,0.0,AOS
2024-11-13 00:00:00-05:00,72.29027143480594,72.40849208686427,71.54156318672037,72.02428436279297,1066400,0.0,0.0,AOS
2024-11-14 00:00:00-05:00,71.91590881347656,72.7040313685549,71.82724897197946,71.91590881347656,1002400,0.0,0.0,AOS
2024-11-15 00:00:00-05:00,71.69917632486117,72.1917510536839,71.07853487233834,71.1573486328125,1214400,0.0,0.0,AOS
2024-11-18 00:00:00-05:00,70.93077067457487,71.55141221218324,70.5761162199144,71.07854461669922,801700,0.0,0.0,AOS
2024-11-19 00:00:00-05:00,70.45789261691375,70.93076770872018,69.98502504120194,70.34953308105469,914200,0.0,0.0,AOS
2024-11-20 00:00:00-05:00,70.43819137732741,70.86180597576491,69.67962954649929,70.68447875976562,849600,0.0,0.0,AOS
2024-11-21 00:00:00-05:00,70.68447657670318,72.47744836483432,70.62537001189371,71.88636016845703,975900,0.0,0.0,AOS
2024-11-22 00:00:00-05:00,72.01442576031359,72.70403490860852,71.91591231515548,72.34938049316406,716600,0.0,0.0,AOS
2024-11-25 00:00:00-05:00,73.0094251307163,74.78269711776329,72.91091169056784,74.30982208251953,1303100,0.0,0.0,AOS
2024-11-26 00:00:00-05:00,73.42319276336889,73.48229932961218,72.65477733782865,72.80255126953125,850800,0.0,0.0,AOS
2024-11-27 00:00:00-05:00,73.12765463550751,73.81725631625676,72.910920531245,72.99958038330078,609100,0.0,0.0,AOS
2024-11-29 00:00:00-05:00,73.0980947864455,73.56111628501331,72.95032836443,73.3837890625,381300,0.0,0.0,AOS
2024-12-02 00:00:00-05:00,73.52171278167195,73.7483004993409,72.6547838295676,73.54141998291016,841200,0.0,0.0,AOS
2024-12-03 00:00:00-05:00,73.541417784628,73.541417784628,72.15235326656374,72.92076873779297,1134100,0.0,0.0,AOS
2024-12-04 00:00:00-05:00,72.69418459971857,73.03898543142617,72.1425032689864,72.50700378417969,865200,0.0,0.0,AOS
2024-12-05 00:00:00-05:00,72.43803979107342,72.48730027132692,70.91106261243723,71.24600982666016,939100,0.0,0.0,AOS
2024-12-06 00:00:00-05:00,72.15234925994788,72.15234925994788,71.23615989910554,71.53170776367188,1066700,0.0,0.0,AOS
2024-12-09 00:00:00-05:00,71.69917757347967,73.31482211086664,71.69917757347967,72.79269409179688,1313900,0.0,0.0,AOS
2024-12-10 00:00:00-05:00,72.50699756166298,72.75328492261707,71.00957371414343,71.89620971679688,954600,0.0,0.0,AOS
2024-12-11 00:00:00-05:00,72.30998096729166,72.59567524857701,71.38393795320087,71.79769897460938,1084800,0.0,0.0,AOS
2024-12-12 00:00:00-05:00,71.59081374304354,72.06368881925282,71.1179461829286,71.55140686035156,864800,0.0,0.0,AOS
2024-12-13 00:00:00-05:00,71.20660978743696,71.73859145769437,71.00958287968002,71.41349029541016,981500,0.0,0.0,AOS
2024-12-16 00:00:00-05:00,71.05882909476237,72.30997313999723,70.73373547947153,70.82239532470703,767900,0.0,0.0,AOS
2024-12-17 00:00:00-05:00,70.59581353031271,71.13764122073208,69.7091775178792,69.75843048095703,1148900,0.0,0.0,AOS
2024-12-18 00:00:00-05:00,70.02443826056454,70.63522622746044,67.86695814241212,67.88666534423828,812600,0.0,0.0,AOS
2024-12-19 00:00:00-05:00,67.9162121635513,68.88165451043089,67.36452330638267,67.42363739013672,1300000,0.0,0.0,AOS
2024-12-20 00:00:00-05:00,67.22660305923462,68.37923374276745,67.05912943991684,67.69947814941406,2859700,0.0,0.0,AOS
2024-12-23 00:00:00-05:00,67.20690000715484,67.66006787464757,67.08867936151118,67.5418472290039,574400,0.0,0.0,AOS
2024-12-24 00:00:00-05:00,67.46304358705123,67.86695098876953,67.13794243604501,67.86695098876953,381800,0.0,0.0,AOS
2024-12-26 00:00:00-05:00,67.62066360456987,68.21175182343015,67.45318998717678,67.86695098876953,670600,0.0,0.0,AOS
2024-12-27 00:00:00-05:00,67.5812538226125,68.04427528762402,67.21675331993087,67.41378021240234,517900,0.0,0.0,AOS
2024-12-30 00:00:00-05:00,67.13793905075532,67.21675281358787,66.38922333603433,67.0098648071289,838900,0.0,0.0,AOS
2024-12-31 00:00:00-05:00,67.33496469691876,67.66006582552228,66.67491635661025,67.1970443725586,792000,0.0,0.0,AOS
2025-01-02 00:00:00-05:00,67.49259295866082,68.29056163206664,66.29070939085342,66.33011627197266,815300,0.0,0.0,AOS
2025-01-03 00:00:00-05:00,66.45819074468217,67.75858790881053,66.1724964603387,67.58126068115234,932800,0.0,0.0,AOS
2025-01-06 00:00:00-05:00,67.84724725534456,68.50729560173897,67.37437219882534,67.87680053710938,1531100,0.0,0.0,AOS
2025-01-07 00:00:00-05:00,67.69947417787571,68.30041596826297,66.95075846072051,67.28571319580078,943900,0.0,0.0,AOS
2025-01-08 00:00:00-05:00,66.86210358531841,67.7388860956085,66.29071503458485,67.66007232666016,977700,0.0,0.0,AOS
2025-01-10 00:00:00-05:00,66.87194107828198,67.85709051528958,66.20203916047306,66.57640075683594,1343700,0.0,0.0,AOS
2025-01-13 00:00:00-05:00,66.576406832571,67.75858325842755,66.37937241753197,67.61080932617188,1039600,0.0,0.0,AOS
2025-01-14 00:00:00-05:00,68.38908419788473,70.29042324792889,68.38908419788473,70.19190979003906,1716800,0.0,0.0,AOS
2025-01-15 00:00:00-05:00,71.54156006798254,72.00457402381379,69.84710170948672,69.89635467529297,1702400,0.0,0.0,AOS
2025-01-16 00:00:00-05:00,70.25100853982514,70.40863606777468,69.6303670597358,70.33967590332031,969000,0.0,0.0,AOS
2025-01-17 00:00:00-05:00,70.87165028217863,71.19674387213581,70.22144807007737,70.74357604980469,1285700,0.0,0.0,AOS
2025-01-21 00:00:00-05:00,71.42334620887642,72.07354855450352,71.2164656942028,71.61052703857422,973600,0.0,0.0,AOS
2025-01-22 00:00:00-05:00,70.86180402192201,70.97017106849442,69.31511960349992,69.91606140136719,1701500,0.0,0.0,AOS
2025-01-23 00:00:00-05:00,70.083526913188,70.78298207725732,69.24615143598349,70.21159362792969,1932600,0.0,0.0,AOS
2025-01-24 00:00:00-05:00,70.02443154689037,70.2805650173111,69.35452955483889,69.52200317382812,1458400,0.0,0.0,AOS
2025-01-27 00:00:00-05:00,69.87665740609017,70.76329349826864,69.63037002026807,70.36923217773438,1112200,0.0,0.0,AOS
2025-01-28 00:00:00-05:00,69.9456136770459,70.82239612044246,68.54670320736757,68.8323974609375,1397000,0.0,0.0,AOS
2025-01-29 00:00:00-05:00,68.70432153347816,68.82254217498402,67.81768551241903,68.19204711914062,1513000,0.0,0.0,AOS
2025-01-30 00:00:00-05:00,65.52229446617979,66.65521787912533,64.55684466211387,66.31040954589844,3225300,0.0,0.0,AOS
2025-01-31 00:00:00-05:00,67.08273383639722,68.14219516086835,66.09258278346147,66.63716888427734,2674700,0.34,0.0,AOS
2025-02-03 00:00:00-05:00,66.05297095884592,66.9144050308406,64.93410307115371,66.37972259521484,2475400,0.0,0.0,AOS
2025-02-04 00:00:00-05:00,66.39952633567118,67.09263659633392,65.00341729725916,65.01332092285156,2227100,0.0,0.0,AOS
2025-02-05 00:00:00-05:00,65.3499700008113,65.49849417075467,64.30041229391682,64.99351501464844,1508400,0.0,0.0,AOS
2025-02-06 00:00:00-05:00,65.34006010321266,65.44897731376628,64.79548160469692,64.86479187011719,1239000,0.0,0.0,AOS
2025-02-07 00:00:00-05:00,64.76577962885692,65.59750283116558,64.40932466950963,64.51824188232422,1263800,0.0,0.0,AOS
2025-02-10 00:00:00-05:00,64.90439886665838,65.35986740467412,64.35981281345893,65.08262634277344,972700,0.0,0.0,AOS
2025-02-11 00:00:00-05:00,65.25095645151089,65.41928031891369,64.73607366924534,65.32026672363281,769500,0.0,0.0,AOS
2025-02-12 00:00:00-05:00,64.2013876715147,65.0331184456537,63.914250527210605,64.60735321044922,863800,0.0,0.0,AOS
2025-02-13 00:00:00-05:00,64.77567854632842,65.44898154865686,64.59745105882229,65.34996795654297,1350200,0.0,0.0,AOS
2025-02-14 00:00:00-05:00,65.69651934359551,66.4094292940273,65.27075409843502,65.56780242919922,1719900,0.0,0.0,AOS
2025-02-18 00:00:00-05:00,65.40937876352803,66.05297848460542,64.9044071453356,65.0727310180664,1488200,0.0,0.0,AOS
2025-02-19 00:00:00-05:00,64.75587631448082,66.97381241886399,64.39942135342338,66.69657135009766,2437500,0.0,0.0,AOS
2025-02-20 00:00:00-05:00,66.63716602013191,67.10253064943724,65.99356635253575,66.13218688964844,1275200,0.0,0.0,AOS
2025-02-21 00:00:00-05:00,66.4589412716876,66.77578930588058,64.96381106928348,65.33016967773438,1097800,0.0,0.0,AOS
2025-02-24 00:00:00-05:00,65.30045675210803,65.99356699871073,64.56774711244485,65.57770538330078,926800,0.0,0.0,AOS
2025-02-25 00:00:00-05:00,65.87474688633404,66.91440849062597,65.78563691958192,66.33021545410156,1316600,0.0,0.0,AOS
2025-02-26 00:00:00-05:00,66.35001915447837,66.77578437721098,65.44897813840956,65.50839233398438,1091100,0.0,0.0,AOS
2025-02-27 00:00:00-05:00,65.0628274154579,66.0430748823511,64.9143032406551,65.29056549072266,795100,0.0,0.0,AOS
2025-02-28 00:00:00-05:00,65.56779971647282,66.33021265432022,64.98360670460706,65.82524108886719,1386900,0.0,0.0,AOS
2025-03-03 00:00:00-05:00,66.3698188235727,66.62726019295384,65.44897811218293,65.7262191772461,1633400,0.0,0.0,AOS
2025-03-04 00:00:00-05:00,65.16183332588132,66.09257766086324,64.48853035990018,64.96380615234375,1652500,0.0,0.0,AOS
2025-03-05 00:00:00-05:00,65.50839166461903,66.34011485164326,64.99350893091152,65.84503936767578,1473100,0.0,0.0,AOS
2025-03-06 00:00:00-05:00,65.84504172684845,67.71642651895552,65.46878706508313,67.5580062866211,1624800,0.0,0.0,AOS
2025-03-07 00:00:00-05:00,67.35007013419091,69.29077281218636,67.35007013419091,68.72638702392578,1389400,0.0,0.0,AOS
2025-03-10 00:00:00-04:00,68.70658114745466,70.2512143769131,68.36002978882654,68.9244155883789,1491100,0.0,0.0,AOS
2025-03-11 00:00:00-04:00,68.77588903376189,69.30066786637634,65.82524322063624,66.44903564453125,1966900,0.0,0.0,AOS
2025-03-12 00:00:00-04:00,66.55795550344618,66.90450686381199,64.97371531730742,64.99351501464844,1384400,0.0,0.0,AOS
2025-03-13 00:00:00-04:00,64.44892680040509,65.33016816542813,64.37961653060023,64.80538177490234,1171800,0.0,0.0,AOS
2025-03-14 00:00:00-04:00,65.56779697783006,66.26089961965083,64.80537651757497,66.19158935546875,1152700,0.0,0.0,AOS
2025-03-17 00:00:00-04:00,65.51829536688406,67.0530325676522,65.49849566909012,66.8252944946289,1139600,0.0,0.0,AOS
2025-03-18 00:00:00-04:00,66.55795295879535,67.29066260044902,66.41933241994879,66.99362182617188,1032300,0.0,0.0,AOS
2025-03-19 00:00:00-04:00,66.82529450743631,67.27086702754468,66.3896331676067,66.93421173095703,1217800,0.0,0.0,AOS
2025-03-20 00:00:00-04:00,66.33021195160146,66.64705996263292,65.86483978290624,66.05297088623047,1101800,0.0,0.0,AOS
2025-03-21 00:00:00-04:00,65.6272049460497,66.16188737524487,65.24104667289525,65.84503936767578,4061300,0.0,0.0,AOS
2025-03-24 00:00:00-04:00,66.49855176048405,67.1619511870415,65.58760700371114,65.7163314819336,1018600,0.0,0.0,AOS
2025-03-25 00:00:00-04:00,65.71632184498023,66.6371625386927,65.29055663059161,66.0727767944336,1036300,0.0,0.0,AOS
2025-03-26 00:00:00-04:00,66.0034693423055,67.35006775354097,66.0034693423055,66.6866683959961,985000,0.0,0.0,AOS
2025-03-27 00:00:00-04:00,66.84509684683736,66.84509684683736,65.86484190719283,66.24110412597656,764800,0.0,0.0,AOS
2025-03-28 00:00:00-04:00,66.3302117799588,66.5876531489596,64.89449588618037,64.96380615234375,762100,0.0,0.0,AOS
2025-03-31 00:00:00-04:00,64.69646319624822,65.27075259354997,64.06276715586445,64.71627044677734,1619600,0.0,0.0,AOS
2025-04-01 00:00:00-04:00,64.69646942573834,65.06282805327628,64.10238027495652,64.95391082763672,1810200,0.0,0.0,AOS
2025-04-02 00:00:00-04:00,64.36971991068354,65.59750506001224,64.28060239069247,65.46878814697266,1437900,0.0,0.0,AOS
2025-04-03 00:00:00-04:00,63.85483575448241,64.16178770079577,62.399316355671054,63.03301239013672,1649800,0.0,0.0,AOS
2025-04-04 00:00:00-04:00,62.02305909047047,63.11222747526947,61.28044582784103,61.37946319580078,1853100,0.0,0.0,AOS
2025-04-07 00:00:00-04:00,60.20117913347043,62.1715812555853,59.14171788167477,60.042755126953125,2295500,0.0,0.0,AOS
2025-04-08 00:00:00-04:00,60.76557009687088,61.82503143940141,58.537730189790075,59.04270935058594,2144300,0.0,0.0,AOS
2025-04-09 00:00:00-04:00,58.597136232891884,62.369612886608856,58.250584895216676,61.94384765625,2579200,0.0,0.0,AOS
2025-04-10 00:00:00-04:00,61.78542504692025,62.617152053298554,60.34970531509592,62.25079345703125,1950700,0.0,0.0,AOS
2025-04-11 00:00:00-04:00,62.44882598526951,64.28060390412818,61.943850615231256,63.864742279052734,1588900,0.0,0.0,AOS
2025-04-14 00:00:00-04:00,64.44892884843105,64.85489440894071,63.765729754145,64.55784606933594,1598100,0.0,0.0,AOS
2025-04-15 00:00:00-04:00,63.86473764262099,64.94399857519157,63.0924210937627,63.22113800048828,1478800,0.0,0.0,AOS
2025-04-16 00:00:00-04:00,63.330058939207426,63.38946558361548,61.825028921138454,62.24089431762695,1448900,0.0,0.0,AOS
2025-04-17 00:00:00-04:00,62.3498112096882,63.06271737874781,62.31020426220533,62.51813507080078,1376100,0.0,0.0,AOS
2025-04-21 00:00:00-04:00,62.00325590637535,62.16167991872426,60.74576365586303,61.10221862792969,1272900,0.0,0.0,AOS
2025-04-22 00:00:00-04:00,61.68640849074257,63.38946569602708,61.40916741067621,63.33005905151367,1912500,0.0,0.0,AOS
2025-04-23 00:00:00-04:00,64.56774678292561,64.92420175267293,62.9934065179592,63.18153762817383,1449900,0.0,0.0,AOS
2025-04-24 00:00:00-04:00,63.60730270843224,64.92420544635056,62.67656206112736,64.65686798095703,1261000,0.0,0.0,AOS
2025-04-25 00:00:00-04:00,64.43903207339099,64.69646590703468,63.78552875509626,64.34991455078125,1298800,0.0,0.0,AOS
2025-04-28 00:00:00-04:00,64.5677482807318,64.81528604022898,63.627107816343724,64.14198303222656,1689100,0.0,0.0,AOS
2025-04-29 00:00:00-04:00,65.66681400880799,67.50849547289518,65.6371106874925,66.35991668701172,2687800,0.0,0.0,AOS
2025-04-30 00:00:00-04:00,66.57886512778181,67.89252850066558,65.47419279231461,67.53425598144531,2030500,0.34,0.0,AOS
2025-05-01 00:00:00-04:00,67.90248935755854,68.1512893209791,66.75800800726951,67.08642578125,1576800,0.0,0.0,AOS
2025-05-02 00:00:00-04:00,67.48449456302738,68.5493580225108,67.28545764439883,68.12142181396484,877200,0.0,0.0,AOS
2025-05-05 00:00:00-04:00,67.64372858175327,68.41998317603428,67.42478342074651,68.01194763183594,1277500,0.0,0.0,AOS
2025-05-06 00:00:00-04:00,67.3750251307012,67.94228872736922,67.07646973879662,67.14613342285156,936700,0.0,0.0,AOS
2025-05-07 00:00:00-04:00,67.2854627055862,67.64373526028412,66.38978131884141,66.60872650146484,1515900,0.0,0.0,AOS
2025-05-08 00:00:00-04:00,67.11627676345556,68.250803925021,66.90728571714318,67.68354034423828,1185800,0.0,0.0,AOS
2025-05-09 00:00:00-04:00,67.85272376290894,68.11147784106157,67.67358749230665,67.96219635009766,728900,0.0,0.0,AOS
2025-05-12 00:00:00-04:00,69.65403525199378,70.54971663395976,69.33557160426946,70.12178039550781,1018700,0.0,0.0,AOS
2025-05-13 00:00:00-04:00,70.21134531434352,70.37057332590895,69.72369197064023,69.78340911865234,846300,0.0,0.0,AOS
2025-05-14 00:00:00-04:00,69.46494823997193,69.46494823997193,67.96219443410581,68.02190399169922,1747600,0.0,0.0,AOS
2025-05-15 00:00:00-04:00,67.94228780202673,69.14648625578918,67.51435157929689,69.0867691040039,1468000,0.0,0.0,AOS
2025-05-16 00:00:00-04:00,69.14648690489392,70.20139628548202,68.96735063340046,70.18148803710938,1580100,0.0,0.0,AOS
2025-05-19 00:00:00-04:00,69.39528468541947,70.24120298821761,69.3256210038425,70.17153930664062,1194200,0.0,0.0,AOS
2025-05-20 00:00:00-04:00,69.97249507256856,70.38053063255809,69.12657676639078,69.28581237792969,947600,0.0,0.0,AOS
2025-05-21 00:00:00-04:00,68.40008570349481,68.56926784749835,66.67838670593972,66.79781341552734,1385600,0.0,0.0,AOS
2025-05-22 00:00:00-04:00,66.51915331023918,67.2755073106263,66.00165273698832,67.04661560058594,1383900,0.0,0.0,AOS
2025-05-23 00:00:00-04:00,66.06136069252142,66.82766879861592,65.93198745054468,66.69828796386719,1270500,0.0,0.0,AOS
2025-05-27 00:00:00-04:00,67.43474291960459,68.34037082086427,66.68834304364206,68.24085235595703,1739400,0.0,0.0,AOS
2025-05-28 00:00:00-04:00,67.92238803421647,68.17118799038575,63.30466145513619,63.921688079833984,3501900,0.0,0.0,AOS
2025-05-29 00:00:00-04:00,64.35957148209211,64.68798924977939,63.732598319684534,64.4192886352539,2027600,0.0,0.0,AOS
2025-05-30 00:00:00-04:00,64.0212052451124,64.51880514735744,63.543505998137505,64.00129699707031,10261000,0.0,0.0,AOS
2025-06-02 00:00:00-04:00,63.40417923375806,63.89182501660306,62.329365408844374,62.70753860473633,2434100,0.0,0.0,AOS
2025-06-03 00:00:00-04:00,62.59806890947311,63.91173234115195,62.3492689595887,63.692787170410156,2228600,0.0,0.0,AOS
2025-06-04 00:00:00-04:00,64.11076737966219,64.57851248654083,63.80225788055998,63.99134826660156,1452800,0.0,0.0,AOS
2025-06-05 00:00:00-04:00,64.18043421979014,64.18043421979014,62.75730197088604,63.49374771118164,2349400,0.0,0.0,AOS
2025-06-06 00:00:00-04:00,63.842068020933304,64.22024120758071,63.63307317986552,64.0311508178711,1316300,0.0,0.0,AOS
2025-06-09 00:00:00-04:00,64.06101544929051,64.86712487760985,64.05106132506734,64.51880645751953,1331800,0.0,0.0,AOS
2025-06-10 00:00:00-04:00,64.97659398713769,65.62347535711497,64.4192845448295,65.42443084716797,1276100,0.0,0.0,AOS
2025-06-11 00:00:00-04:00,65.85236672168183,65.85236672168183,64.89697585705217,65.11592102050781,1170900,0.0,0.0,AOS
2025-06-12 00:00:00-04:00,64.65813059358157,64.90693053732,63.49374488276517,63.941585540771484,1763600,0.0,0.0,AOS
2025-06-13 00:00:00-04:00,63.69278685061147,64.12072306597489,63.24494618379092,63.503700256347656,2217100,0.0,0.0,AOS
2025-06-16 00:00:00-04:00,63.94158967189689,64.07096291760156,63.175285340107045,64.0112533569336,1551800,0.0,0.0,AOS
2025-06-17 00:00:00-04:00,63.59326899712877,64.12072367842993,62.71749210657973,62.926483154296875,1422100,0.0,0.0,AOS
2025-06-18 00:00:00-04:00,62.876724884269564,63.41413369780015,62.697588613092705,62.77720642089844,1198800,0.0,0.0,AOS
2025-06-20 00:00:00-04:00,63.075766242050555,63.24494839076095,61.90143013980237,62.438838958740234,2773600,0.0,0.0,AOS
2025-06-23 00:00:00-04:00,62.40897914205664,63.84206929741091,61.96113846850842,63.832115173339844,1386600,0.0,0.0,AOS
2025-06-24 00:00:00-04:00,64.08091768545485,64.67803607644731,63.742553381242296,64.62828063964844,911100,0.0,0.0,AOS
2025-06-25 00:00:00-04:00,64.82731692729378,64.96664429737984,64.1605348572002,64.72779846191406,1290200,0.0,0.0,AOS
2025-06-26 00:00:00-04:00,64.31975683390102,64.72779237418553,63.97143844144566,64.35956573486328,968000,0.0,0.0,AOS
2025-06-27 00:00:00-04:00,64.55861474377298,65.49409740695211,64.47899693629373,65.33486938476562,2027500,0.0,0.0,AOS
2025-06-30 00:00:00-04:00,65.36472160624412,65.523949622199,64.86712171813105,65.2552490234375,1431500,0.0,0.0,AOS
2025-07-01 00:00:00-04:00,64.98654764998051,68.62897483930604,64.95668527912146,67.43473815917969,1438000,0.0,0.0,AOS
2025-07-02 00:00:00-04:00,67.43474290134414,67.82287022931779,66.83762451929024,67.76315307617188,1109700,0.0,0.0,AOS
2025-07-03 00:00:00-04:00,67.76315340283067,68.03186161135217,67.34517129265524,67.5939712524414,658900,0.0,0.0,AOS
2025-07-07 00:00:00-04:00,67.67358969415162,68.21099852344373,67.10632608424977,67.7332992553711,1935500,0.0,0.0,AOS
2025-07-08 00:00:00-04:00,67.78305975841033,68.46975005792827,67.45464199839985,68.13137817382812,1200400,0.0,0.0,AOS
2025-07-09 00:00:00-04:00,68.2806622076582,69.32562508561026,67.88258074973491,69.16638946533203,1346300,0.0,0.0,AOS
2025-07-10 00:00:00-04:00,69.23604781289944,71.37572884059152,69.15643000889888,70.13172912597656,1588200,0.0,0.0,AOS
2025-07-11 00:00:00-04:00,69.4251416385299,69.77346005732343,68.56926918505313,68.74840545654297,1076900,0.0,0.0,AOS
2025-07-14 00:00:00-04:00,68.64888920208318,68.81807135483109,67.89253518781236,68.5195083618164,865000,0.0,0.0,AOS
2025-07-15 00:00:00-04:00,68.93748296535868,69.09671856901977,66.80775611940633,66.91722869873047,1198600,0.0,0.0,AOS
2025-07-16 00:00:00-04:00,66.95704241452823,67.75320530454277,66.46939663059965,67.72335052490234,1711000,0.0,0.0,AOS
2025-07-17 00:00:00-04:00,68.1512849496977,70.46014815843714,67.88257675448617,70.41038513183594,2210400,0.0,0.0,AOS
2025-07-18 00:00:00-04:00,70.52981087095526,70.70894713437772,69.56446587322155,69.9625473022461,2486900,0.0,0.0,AOS
2025-07-21 00:00:00-04:00,70.22129465575615,70.39048439032915,68.69864019400202,68.73844909667969,1761500,0.0,0.0,AOS
2025-07-22 00:00:00-04:00,68.7882137626698,70.8084681668862,68.68868770721771,70.75870513916016,1668100,0.0,0.0,AOS
2025-07-23 00:00:00-04:00,71.26626044678122,71.72405145753245,70.84827834036993,71.03736114501953,1820000,0.0,0.0,AOS
2025-07-24 00:00:00-04:00,73.18699394128782,76.93889383304482,72.20174826878892,73.58507537841797,4191200,0.0,0.0,AOS
2025-07-25 00:00:00-04:00,73.80402175010293,74.0229593309558,71.14683247984055,71.71409606933594,1924100,0.0,0.0,AOS
2025-07-28 00:00:00-04:00,71.27621297257615,71.58472248332679,70.5198589926238,70.68904113769531,1400300,0.0,0.0,AOS
2025-07-29 00:00:00-04:00,71.01745733531456,71.37572986569091,70.36062183203396,71.29611206054688,1382700,0.0,0.0,AOS
2025-07-30 00:00:00-04:00,71.2762142667845,71.33592382665347,69.98245145596158,70.49000549316406,1453900,0.0,0.0,AOS
2025-07-31 00:00:00-04:00,69.93000030517578,71.13999938964844,69.88999938964844,70.79000091552734,2465000,0.34,0.0,AOS
2025-08-01 00:00:00-04:00,70.5,70.79000091552734,69.55000305175781,70.41000366210938,1263000,0.0,0.0,AOS
2025-08-04 00:00:00-04:00,70.44000244140625,70.58999633789062,69.88999938964844,70.33999633789062,1111300,0.0,0.0,AOS
2025-08-05 00:00:00-04:00,70.51000213623047,70.81999969482422,69.73999786376953,70.31999969482422,1132600,0.0,0.0,AOS
2025-08-06 00:00:00-04:00,70.54000091552734,71.26000213623047,70.36000061035156,70.55999755859375,1020600,0.0,0.0,AOS
2025-08-07 00:00:00-04:00,71.2699966430664,71.56999969482422,70.37999725341797,70.62000274658203,861200,0.0,0.0,AOS
2025-08-08 00:00:00-04:00,70.51000213623047,70.93000030517578,70.27999877929688,70.83000183105469,1357300,0.0,0.0,AOS
