Date,Open,High,Low,Close,Volume,Dividends,Stock Splits,symbol
2020-07-13 00:00:00-04:00,32.69503015275305,33.3851517395861,32.10880933213863,32.136451721191406,21604000,0.0,0.0,LRCX
2020-07-14 00:00:00-04:00,32.034454437693974,33.12492516805335,31.589307277602458,32.98670959472656,20188000,0.0,0.0,LRCX
2020-07-15 00:00:00-04:00,33.08298667428583,33.247891957934954,31.990610528268785,32.715999603271484,16370000,0.0,0.0,LRCX
2020-07-16 00:00:00-04:00,32.43480579784826,33.048672648760444,32.30326264149568,32.87423324584961,11828000,0.0,0.0,LRCX
2020-07-17 00:00:00-04:00,33.15828956125107,33.20309117644785,32.51868932507836,33.00672912597656,11290000,0.0,0.0,LRCX
2020-07-20 00:00:00-04:00,33.0067298014306,33.92848460015663,32.600664475868136,33.719730377197266,12483000,0.0,0.0,LRCX
2020-07-21 00:00:00-04:00,34.06478760452861,34.52518861339847,33.585325638998484,34.03142547607422,17436000,0.0,0.0,LRCX
2020-07-22 00:00:00-04:00,34.31262572323891,34.601445413609234,33.98186247159472,34.50231170654297,10365000,0.0,0.0,LRCX
2020-07-23 00:00:00-04:00,34.205862778128306,35.0361089264537,33.449016951927646,33.821720123291016,17249000,0.0,0.0,LRCX
2020-07-24 00:00:00-04:00,32.810372047070686,33.17163576382985,32.05447520852077,32.95430374145508,20028000,0.0,0.0,LRCX
2020-07-27 00:00:00-04:00,33.11824929571546,34.32310382350396,33.04580530369152,34.13246154785156,17521000,0.0,0.0,LRCX
2020-07-28 00:00:00-04:00,33.80169974924566,34.21348839079371,33.228823850558605,33.26028060913086,13324000,0.0,0.0,LRCX
2020-07-29 00:00:00-04:00,33.56244839277966,34.49087193179517,33.26695627881426,34.39459991455078,21673000,0.0,0.0,LRCX
2020-07-30 00:00:00-04:00,35.05707380305009,36.3629673759631,34.990349552797525,36.082725524902344,25678000,0.0,0.0,LRCX
2020-07-31 00:00:00-04:00,36.179958619252616,36.23714876346895,35.20101374347626,35.95118713378906,20391000,0.0,0.0,LRCX
2020-08-03 00:00:00-04:00,36.29815752457076,36.9558696474624,36.14373540572357,36.356300354003906,15178000,0.0,0.0,LRCX
2020-08-04 00:00:00-04:00,36.429691443506066,36.76998875428632,36.242863543735915,36.69468307495117,11482000,0.0,0.0,LRCX
2020-08-05 00:00:00-04:00,36.65846420057064,36.89771882466547,36.439226852162655,36.55265808105469,8460000,0.0,0.0,LRCX
2020-08-06 00:00:00-04:00,35.935938022462814,36.18377047284691,35.34399383092082,36.013145446777344,16996000,0.0,0.0,LRCX
2020-08-07 00:00:00-04:00,36.06747353084277,36.382982859731875,34.9302960077859,35.50126647949219,13854000,0.0,0.0,LRCX
2020-08-10 00:00:00-04:00,35.50127188202739,35.918776649243945,35.18766787355674,35.8177375793457,9292000,0.0,0.0,LRCX
2020-08-11 00:00:00-04:00,36.11323435587729,36.304829338617765,35.01990191940035,35.17432403564453,11101000,0.0,0.0,LRCX
2020-08-12 00:00:00-04:00,35.47647781224675,36.534538793677804,35.26200756409647,36.36677551269531,12230000,0.0,0.0,LRCX
2020-08-13 00:00:00-04:00,36.22285612139423,36.45543837525613,35.68620028754159,35.93784713745117,10764000,0.0,0.0,LRCX
2020-08-14 00:00:00-04:00,36.126576329096125,36.69754685864855,35.55464947917692,35.61565399169922,13446000,0.0,0.0,LRCX
2020-08-17 00:00:00-04:00,35.89304499708959,36.61939046029431,35.53654469219698,36.13420867919922,14184000,0.0,0.0,LRCX
2020-08-18 00:00:00-04:00,36.40777396869207,36.47926528552402,35.54798007061044,35.704307556152344,10473000,0.0,0.0,LRCX
2020-08-19 00:00:00-04:00,35.65283213116123,35.858724643017744,35.10283153659931,35.47744369506836,10746000,0.0,0.0,LRCX
2020-08-20 00:00:00-04:00,34.32500222860314,34.63956246504786,33.864604989764565,34.172489166259766,22140000,0.0,0.0,LRCX
2020-08-21 00:00:00-04:00,33.92657086113202,34.00187654575498,33.39372950848691,33.69017791748047,25555000,0.0,0.0,LRCX
2020-08-24 00:00:00-04:00,34.25827719341912,34.37933713825784,33.10680232686825,33.45949172973633,16823000,0.0,0.0,LRCX
2020-08-25 00:00:00-04:00,33.653001212591725,33.96279447062184,33.40993220875897,33.6005744934082,13102000,0.0,0.0,LRCX
2020-08-26 00:00:00-04:00,33.605346760584645,33.743562347479035,33.17830783131514,33.53385543823242,11947000,0.0,0.0,LRCX
2020-08-27 00:00:00-04:00,33.82552661967736,33.82552661967736,32.27465882523098,32.54727554321289,19022000,0.0,0.0,LRCX
2020-08-28 00:00:00-04:00,32.66261016553762,33.551955203046404,32.54727358892398,33.436614990234375,15962000,0.0,0.0,LRCX
2020-08-31 00:00:00-04:00,33.224055592775485,33.28124936663992,32.05065781591245,32.06018829345703,25334000,0.0,0.0,LRCX
2020-09-01 00:00:00-04:00,32.36616849321377,33.028647539374205,32.17743159826368,32.462440490722656,20873000,0.0,0.0,LRCX
2020-09-02 00:00:00-04:00,32.979084899451216,34.80543149535126,32.81417962085361,34.57284927368164,27631000,0.0,0.0,LRCX
2020-09-03 00:00:00-04:00,34.05811726582619,34.05811726582619,32.35187428043513,32.554908752441406,25566000,0.0,0.0,LRCX
2020-09-04 00:00:00-04:00,32.313741235374856,32.39953007050659,30.4730956524433,31.753253936767578,24709000,0.0,0.0,LRCX
2020-09-08 00:00:00-04:00,29.640947483337925,30.16521099470929,28.804983553805656,28.85550308227539,31138000,0.0,0.0,LRCX
2020-09-09 00:00:00-04:00,29.640946692004558,29.72196847221186,28.627687188782833,28.682971954345703,30867000,0.0,0.0,LRCX
2020-09-10 00:00:00-04:00,28.954637740605822,29.140512958714467,28.19397764530933,28.358882904052734,20852000,0.0,0.0,LRCX
2020-09-11 00:00:00-04:00,28.647711129651693,28.914608178892745,27.860361198191015,28.023359298706055,17272000,0.0,0.0,LRCX
2020-09-14 00:00:00-04:00,28.764952441103315,29.417899289037976,28.56096529846813,29.112873077392578,19547000,0.0,0.0,LRCX
2020-09-15 00:00:00-04:00,29.60759068125611,29.818248444146114,28.882197973505786,29.447450637817383,17141000,0.0,0.0,LRCX
2020-09-16 00:00:00-04:00,29.708627664603146,29.966946894060616,29.154814522866193,29.225351333618164,14157000,0.0,0.0,LRCX
2020-09-17 00:00:00-04:00,28.231154821655053,29.41503759589851,28.231154821655053,29.157672882080078,19136000,0.0,0.0,LRCX
2020-09-18 00:00:00-04:00,29.38358515113829,29.628559537526225,28.77639076653103,29.283498764038086,26603000,0.0,0.0,LRCX
2020-09-21 00:00:00-04:00,29.08046564942055,30.294852656846935,28.662960856928702,30.022235870361328,18802000,0.0,0.0,LRCX
2020-09-22 00:00:00-04:00,30.343468005467574,30.476916532975103,29.567555723002776,30.377782821655273,15072000,0.0,0.0,LRCX
2020-09-23 00:00:00-04:00,30.72951425283663,31.226135464687545,30.108024133881543,30.218595504760742,22289000,0.0,0.0,LRCX
2020-09-24 00:00:00-04:00,29.932631174583648,31.854296957496288,29.932631174583648,31.186098098754883,22068000,0.0,0.0,LRCX
2020-09-25 00:00:00-04:00,30.952565346675907,31.636014471695017,30.693293422984652,31.481595993041992,15512000,0.0,0.0,LRCX
2020-09-28 00:00:00-04:00,31.591221531286898,32.204135829173104,31.331949536423497,32.0859375,17928000,0.0,0.0,LRCX
2020-09-29 00:00:00-04:00,31.95387062151699,32.77967710508617,31.94047403488083,32.31557846069336,17997000,0.13,0.0,LRCX
2020-09-30 00:00:00-04:00,32.0792300571424,32.365347638710105,31.59695281393954,31.745271682739258,19892000,0.0,0.0,LRCX
2020-10-01 00:00:00-04:00,32.45241800519206,32.462941809098695,31.878273868853853,32.45145797729492,16935000,0.0,0.0,LRCX
2020-10-02 00:00:00-04:00,31.516577289969725,32.13856243055327,31.440023250963907,31.454376220703125,11960000,0.0,0.0,LRCX
2020-10-05 00:00:00-04:00,31.86489308641448,32.82658234530142,31.82757608998776,32.74811553955078,15403000,0.0,0.0,LRCX
2020-10-06 00:00:00-04:00,32.626581507031986,33.594968816048244,32.47826263658851,32.62849426269531,14251000,0.0,0.0,LRCX
2020-10-07 00:00:00-04:00,33.24282639737145,33.63515665332874,32.87059102561521,33.086849212646484,11084000,0.0,0.0,LRCX
2020-10-08 00:00:00-04:00,33.33564760476711,34.034186693491336,33.20455083768618,34.0112190246582,11930000,0.0,0.0,LRCX
2020-10-09 00:00:00-04:00,34.534636904186996,34.89443198455916,34.36909232806584,34.70783615112305,11957000,0.0,0.0,LRCX
2020-10-12 00:00:00-04:00,35.350888204619665,35.72982191850027,35.130800828659936,35.415958404541016,14547000,0.0,0.0,LRCX
2020-10-13 00:00:00-04:00,35.596813670119836,36.21879880281877,35.15663890230876,35.806373596191406,12292000,0.0,0.0,LRCX
2020-10-14 00:00:00-04:00,35.914500616633845,36.54988223939586,35.42552145013258,35.811153411865234,14145000,0.0,0.0,LRCX
2020-10-15 00:00:00-04:00,34.71358649705925,36.00827746445555,34.345176628542355,35.93076705932617,16829000,0.0,0.0,LRCX
2020-10-16 00:00:00-04:00,36.027406966239475,36.027406966239475,34.89347535931077,34.92313766479492,15911000,0.0,0.0,LRCX
2020-10-19 00:00:00-04:00,35.166195088769854,35.372885814966914,34.640855399207275,34.790130615234375,13590000,0.0,0.0,LRCX
2020-10-20 00:00:00-04:00,35.0226581384931,35.262843983344844,34.68774345490904,34.790130615234375,9326000,0.0,0.0,LRCX
2020-10-21 00:00:00-04:00,34.743245416098226,35.50111269123086,34.64181462505838,35.08198928833008,16811000,0.0,0.0,LRCX
2020-10-22 00:00:00-04:00,34.4829714934464,34.767172660357325,33.78634517989145,34.25809860229492,22331000,0.0,0.0,LRCX
2020-10-23 00:00:00-04:00,34.44852486580871,34.68775073293237,33.52224373922229,33.86672592163086,12317000,0.0,0.0,LRCX
2020-10-26 00:00:00-04:00,33.52606501799546,33.82366274759096,32.85049367832359,33.26483154296875,12365000,0.0,0.0,LRCX
2020-10-27 00:00:00-04:00,33.35095270791618,33.46003817010586,32.77776854197878,32.901206970214844,10757000,0.0,0.0,LRCX
2020-10-28 00:00:00-04:00,32.240953766895785,32.96915527501189,31.894555130795986,32.42946243286133,16392000,0.0,0.0,LRCX
2020-10-29 00:00:00-04:00,32.44093223140556,34.27531546436406,32.41988097455627,33.80356216430664,16077000,0.0,0.0,LRCX
2020-10-30 00:00:00-04:00,33.305024677516045,33.75189768081947,32.36917249555443,32.7337532043457,17499000,0.0,0.0,LRCX
2020-11-02 00:00:00-05:00,33.31171879980375,33.91935080481266,33.03039044886246,33.582523345947266,13428000,0.0,0.0,LRCX
2020-11-03 00:00:00-05:00,34.13178557246361,35.70876486047185,33.981553960577735,35.45614242553711,17162000,0.0,0.0,LRCX
2020-11-04 00:00:00-05:00,35.77766751742105,36.668544507399695,35.14515492935712,36.39487075805664,15280000,0.0,0.0,LRCX
2020-11-05 00:00:00-05:00,37.31922881865305,38.308667213629704,37.170909974776336,38.248382568359375,18129000,0.0,0.0,LRCX
2020-11-06 00:00:00-05:00,38.264644263206016,39.42536904496928,37.879012389463256,39.17753219604492,14738000,0.0,0.0,LRCX
2020-11-09 00:00:00-05:00,40.6683864786626,41.72097855093309,39.788993654011705,39.83396530151367,19352000,0.0,0.0,LRCX
2020-11-10 00:00:00-05:00,39.14596055505812,39.78230217562709,38.70291309505033,39.02921676635742,14856000,0.0,0.0,LRCX
2020-11-11 00:00:00-05:00,39.422506786605275,41.01383536668356,39.23303813815429,40.57270431518555,14416000,0.0,0.0,LRCX
2020-11-12 00:00:00-05:00,40.65403698192528,40.76407881644016,39.840666992802035,40.04257583618164,9502000,0.0,0.0,LRCX
2020-11-13 00:00:00-05:00,40.69040355680627,41.1229235874475,40.58131808392961,40.79375076293945,11360000,0.0,0.0,LRCX
2020-11-16 00:00:00-05:00,41.22340228518762,42.070260230397366,40.86647624785693,42.03581237792969,13465000,0.0,0.0,LRCX
2020-11-17 00:00:00-05:00,41.67314456739655,41.895148329038484,41.04637397499023,41.3315315246582,9919000,0.0,0.0,LRCX
2020-11-18 00:00:00-05:00,41.731521884300214,41.992755421486144,41.146853741338305,41.17843246459961,13047000,0.0,0.0,LRCX
2020-11-19 00:00:00-05:00,41.04733062235204,41.995623029154046,40.6683969408165,41.881752014160156,11248000,0.0,0.0,LRCX
2020-11-20 00:00:00-05:00,41.960218135694184,42.57837772559891,41.47028618802379,41.49516296386719,14456000,0.0,0.0,LRCX
2020-11-23 00:00:00-05:00,41.77648471504019,43.0482078141761,41.630078628567475,42.94007873535156,10885000,0.0,0.0,LRCX
2020-11-24 00:00:00-05:00,43.06065790623846,43.1678306320115,42.175522890447446,42.720001220703125,12009000,0.0,0.0,LRCX
2020-11-25 00:00:00-05:00,42.91233948617211,43.015683051280554,42.151599290261466,42.75253677368164,8489000,0.0,0.0,LRCX
2020-11-27 00:00:00-05:00,43.0788379392202,44.07688754968706,43.04343005811036,43.68647003173828,7279000,0.0,0.0,LRCX
2020-11-30 00:00:00-05:00,43.55824054334301,43.71995598155771,42.63961421156939,43.315185546875,14341000,0.0,0.0,LRCX
2020-12-01 00:00:00-05:00,44.02329939479919,44.92566008235621,43.78694267228352,44.74958801269531,14019000,0.0,0.0,LRCX
2020-12-02 00:00:00-05:00,44.616583078132415,46.025145178915615,44.548643745756785,45.85673141479492,18113000,0.0,0.0,LRCX
2020-12-03 00:00:00-05:00,45.94475536542444,47.055719434201144,45.856721166374385,46.32081985473633,15955000,0.0,0.0,LRCX
2020-12-04 00:00:00-05:00,46.59545875078996,47.998278886749745,46.52082112547876,47.84326171875,17551000,0.0,0.0,LRCX
2020-12-07 00:00:00-05:00,47.79062351631409,48.74943959661004,47.400206054468526,48.675758361816406,15650000,0.0,0.0,LRCX
2020-12-08 00:00:00-05:00,48.506914161947435,49.56508348113136,48.48101116365529,49.08636474609375,13287000,0.13,0.0,LRCX
2020-12-09 00:00:00-05:00,48.835010600386966,49.376086077816645,46.98153733746337,47.375831604003906,19997000,0.0,0.0,LRCX
2020-12-10 00:00:00-05:00,47.00360146056788,47.603198389913594,46.50953417633088,47.022789001464844,13031000,0.0,0.0,LRCX
2020-12-11 00:00:00-05:00,46.86162367373807,47.4190102757963,46.40689024481638,47.17149353027344,14950000,0.0,0.0,LRCX
2020-12-14 00:00:00-05:00,47.554274993938634,48.06177321703339,47.025671572662624,47.187801361083984,10545000,0.0,0.0,LRCX
2020-12-15 00:00:00-05:00,47.967766721328104,48.27955793694677,47.26455762167016,47.51974868774414,11857000,0.0,0.0,LRCX
2020-12-16 00:00:00-05:00,47.58497695488893,47.630063836793305,46.93933061022858,47.325950622558594,15148000,0.0,0.0,LRCX
2020-12-17 00:00:00-05:00,46.97386690666797,47.18876152645682,46.323422758957626,46.64768600463867,14335000,0.0,0.0,LRCX
2020-12-18 00:00:00-05:00,46.45581391682348,46.596838510078925,45.82839628825465,46.14210510253906,25877000,0.0,0.0,LRCX
2020-12-21 00:00:00-05:00,45.00526793783297,46.500904472491804,44.968814169210994,46.35892105102539,17031000,0.0,0.0,LRCX
2020-12-22 00:00:00-05:00,45.99435648286898,46.21596651669466,45.4158648161705,45.75643539428711,9663000,0.0,0.0,LRCX
2020-12-23 00:00:00-05:00,46.01259245687803,46.12483390366745,45.17699203097213,45.198097229003906,7206000,0.0,0.0,LRCX
2020-12-24 00:00:00-05:00,45.442734166385996,46.0816650390625,45.36790531472599,46.0816650390625,3330000,0.0,0.0,LRCX
2020-12-28 00:00:00-05:00,46.58436687888021,46.761848902126715,45.60390651370314,45.67490005493164,6928000,0.0,0.0,LRCX
2020-12-29 00:00:00-05:00,45.63268734263276,45.76315750140168,44.99375648293322,45.39860153198242,9017000,0.0,0.0,LRCX
2020-12-30 00:00:00-05:00,45.89267386890646,46.849148871253384,45.676816765161675,46.47595977783203,8819000,0.0,0.0,LRCX
2020-12-31 00:00:00-05:00,46.26969618712866,46.43086714180994,44.65797932101727,45.307464599609375,16630000,0.0,0.0,LRCX
2021-01-04 00:00:00-05:00,45.87156098194885,47.19643082056886,45.40819450702925,45.85908889770508,17686000,0.0,0.0,LRCX
2021-01-05 00:00:00-05:00,45.996279894282814,47.85550981125552,45.996279894282814,47.444908142089844,16099000,0.0,0.0,LRCX
2021-01-06 00:00:00-05:00,47.05924320051751,48.51554195615111,46.91246199938628,47.63101577758789,13342000,0.0,0.0,LRCX
2021-01-07 00:00:00-05:00,48.67097028183015,49.667738106514484,48.605733365306406,49.35498809814453,12981000,0.0,0.0,LRCX
2021-01-08 00:00:00-05:00,49.31085965936802,50.10232478634268,47.78260457232736,48.1241340637207,14419000,0.0,0.0,LRCX
2021-01-11 00:00:00-05:00,47.537972956935846,49.877843447949274,47.34898130594047,49.54878234863281,11892000,0.0,0.0,LRCX
2021-01-12 00:00:00-05:00,49.908536609319874,51.59988036928463,49.783823062816325,51.463653564453125,18790000,0.0,0.0,LRCX
2021-01-13 00:00:00-05:00,51.25258322679744,51.25258322679744,50.19249635141373,50.51004409790039,13613000,0.0,0.0,LRCX
2021-01-14 00:00:00-05:00,52.03542969630451,54.73313322820991,52.02967306716669,53.51187515258789,20034000,0.0,0.0,LRCX
2021-01-15 00:00:00-05:00,53.0504192557063,53.2144703557327,51.54423202404985,52.52756881713867,15264000,0.0,0.0,LRCX
2021-01-19 00:00:00-05:00,53.707576967661,55.88051563364407,53.59820835154107,55.64451217651367,20351000,0.0,0.0,LRCX
2021-01-20 00:00:00-05:00,55.991804161376365,56.162570730040144,53.682638469904276,54.011695861816406,18510000,0.0,0.0,LRCX
2021-01-21 00:00:00-05:00,54.625678414548815,54.71202052046907,52.92761943788335,54.1258544921875,12402000,0.0,0.0,LRCX
2021-01-22 00:00:00-05:00,53.98962668651214,55.218558855918324,53.44759237937373,54.09323501586914,11998000,0.0,0.0,LRCX
2021-01-25 00:00:00-05:00,54.81275925064908,55.22144697782968,53.01972483020248,54.468353271484375,16753000,0.0,0.0,LRCX
2021-01-26 00:00:00-05:00,54.70914797032016,54.80700333997316,52.802909706179626,53.01972198486328,14310000,0.0,0.0,LRCX
2021-01-27 00:00:00-05:00,51.67086904315204,52.28197927005639,49.11994331481771,49.41062927246094,22525000,0.0,0.0,LRCX
2021-01-28 00:00:00-05:00,50.49758382416693,50.65395700421733,48.35150657563693,48.672889709472656,24901000,0.0,0.0,LRCX
2021-01-29 00:00:00-05:00,48.448394791199725,48.53473690266832,46.14977989749864,46.42799377441406,28250000,0.0,0.0,LRCX
2021-02-01 00:00:00-05:00,47.109134684652545,48.447435571783515,46.71292273099431,48.10686492919922,16938000,0.0,0.0,LRCX
2021-02-02 00:00:00-05:00,49.166953068954975,49.64183285926056,48.447436682580026,49.50944137573242,14587000,0.0,0.0,LRCX
2021-02-03 00:00:00-05:00,49.89606246968088,50.029412784268374,48.109743551136155,48.38315963745117,16049000,0.0,0.0,LRCX
2021-02-04 00:00:00-05:00,48.399468048837015,49.93443482495843,47.981188412957856,49.84137725830078,14012000,0.0,0.0,LRCX
2021-02-05 00:00:00-05:00,50.320093198196574,50.366142564876455,48.84844209960218,48.90408706665039,12367000,0.0,0.0,LRCX
2021-02-08 00:00:00-05:00,49.406792521079716,51.167208424825574,49.32620703606102,51.112525939941406,14658000,0.0,0.0,LRCX
2021-02-09 00:00:00-05:00,51.384976366013646,51.90110766474407,50.5474583384807,50.66162109375,9441000,0.0,0.0,LRCX
2021-02-10 00:00:00-05:00,51.133629868403865,51.48571377233143,50.00926475926027,51.085662841796875,8682000,0.0,0.0,LRCX
2021-02-11 00:00:00-05:00,51.805172777697706,55.31353563539201,51.72650496082709,54.89525604248047,29727000,0.0,0.0,LRCX
2021-02-12 00:00:00-05:00,54.700509641312124,57.34448908936452,54.20356221494793,56.233558654785156,20121000,0.0,0.0,LRCX
2021-02-16 00:00:00-05:00,56.60196004491595,57.90668377725799,56.31415420034635,56.773685455322266,14520000,0.0,0.0,LRCX
2021-02-17 00:00:00-05:00,55.996602498821545,56.547273635929955,54.77917979848978,56.20957946777344,14530000,0.0,0.0,LRCX
2021-02-18 00:00:00-05:00,55.512119489392866,55.86708349538904,54.404065569774154,55.42865753173828,11371000,0.0,0.0,LRCX
2021-02-19 00:00:00-05:00,57.02215150409767,57.75318112846182,56.476278186065706,57.40877151489258,16986000,0.0,0.0,LRCX
2021-02-22 00:00:00-05:00,56.54342737852287,56.85425967846354,54.27071572753263,54.4721794128418,16155000,0.0,0.0,LRCX
2021-02-23 00:00:00-05:00,53.39291164811208,54.569082773678794,51.460770364147955,53.978118896484375,17167000,0.0,0.0,LRCX
2021-02-24 00:00:00-05:00,53.355501405578764,57.35696977508603,53.14828105708241,57.263912200927734,15170000,0.0,0.0,LRCX
2021-02-25 00:00:00-05:00,56.60195101584557,56.83795081923729,52.24935811860221,52.53908157348633,26750000,0.0,0.0,LRCX
2021-02-26 00:00:00-05:00,53.429362717312216,55.130298115967705,52.301158753362934,54.41366195678711,17836000,0.0,0.0,LRCX
2021-03-01 00:00:00-05:00,55.31258359564387,57.60928098875771,55.220488508860804,57.44715118408203,17656000,0.0,0.0,LRCX
2021-03-02 00:00:00-05:00,56.98665936849851,57.44235162620937,54.91349344752802,55.00558853149414,14636000,0.0,0.0,LRCX
2021-03-03 00:00:00-05:00,54.755198873625766,55.79418073281863,52.76549492621084,52.882537841796875,16318000,0.0,0.0,LRCX
2021-03-04 00:00:00-05:00,52.62638384627768,53.72196942072435,49.06430072133182,50.731658935546875,25420000,0.0,0.0,LRCX
2021-03-05 00:00:00-05:00,52.061330317004206,52.77605262150476,49.52863301312677,52.543888092041016,22160000,0.0,0.0,LRCX
2021-03-08 00:00:00-05:00,52.07475560510837,53.19816187054596,48.12797000964879,48.2181510925293,19138000,0.0,0.0,LRCX
2021-03-09 00:00:00-05:00,50.452495777813446,52.45754851727196,50.226087866644164,52.14192199707031,17266000,0.0,0.0,LRCX
2021-03-10 00:00:00-05:00,52.63598336267438,52.95544881918629,49.47778622736457,49.76175308227539,19725000,0.0,0.0,LRCX
2021-03-11 00:00:00-05:00,51.21709265132767,52.0373408375991,50.75468131819894,51.3629150390625,16127000,0.0,0.0,LRCX
2021-03-12 00:00:00-05:00,50.366154471475575,50.629978649233834,49.5794833991693,50.34888458251953,14337000,0.0,0.0,LRCX
2021-03-15 00:00:00-04:00,50.039959187199386,51.548063976805814,49.91044786588758,51.49338150024414,10670000,0.0,0.0,LRCX
2021-03-16 00:00:00-04:00,52.17233144019592,53.87066470140265,51.868441067758134,52.621437072753906,15265000,0.13,0.0,LRCX
2021-03-17 00:00:00-04:00,51.82324030201845,53.67929116105606,50.969264235444655,53.182098388671875,13585000,0.0,0.0,LRCX
2021-03-18 00:00:00-04:00,52.135795202692705,53.45234058732754,51.28951194209987,51.85113525390625,25177000,0.0,0.0,LRCX
2021-03-19 00:00:00-04:00,52.117521757181834,52.98784491763772,51.219306727779106,52.15310287475586,23792000,0.0,0.0,LRCX
2021-03-22 00:00:00-04:00,53.27731562837869,54.58424213545308,52.89648870545345,53.857208251953125,14442000,0.0,0.0,LRCX
2021-03-23 00:00:00-04:00,54.269767620132946,54.29573350709234,52.27138849710009,52.35505676269531,14295000,0.0,0.0,LRCX
2021-03-24 00:00:00-04:00,54.880449182020115,55.368984337309946,53.0493989202195,53.128257751464844,19697000,0.0,0.0,LRCX
2021-03-25 00:00:00-04:00,52.3992957695091,53.04747082909109,50.490351709153984,52.703189849853516,14463000,0.0,0.0,LRCX
2021-03-26 00:00:00-04:00,52.865706237160474,56.236410530554394,52.80127210166076,56.184478759765625,18716000,0.0,0.0,LRCX
2021-03-29 00:00:00-04:00,56.00272633595638,56.02003448210768,53.83027885387453,54.843894958496094,17598000,0.0,0.0,LRCX
2021-03-30 00:00:00-04:00,54.335161020318246,55.47475819601852,54.05819768330271,55.06219482421875,9049000,0.0,0.0,LRCX
2021-03-31 00:00:00-04:00,56.162371250427256,58.036691766935014,56.11428409489469,57.24330139160156,23698000,0.0,0.0,LRCX
2021-04-01 00:00:00-04:00,58.78103301281711,61.54779780445765,58.67428599230345,61.4804801940918,24634000,0.0,0.0,LRCX
2021-04-05 00:00:00-04:00,62.48061436860336,64.04815674045479,61.505466793324246,63.5480842590332,23454000,0.0,0.0,LRCX
2021-04-06 00:00:00-04:00,63.47116374690634,64.10972353028943,61.93247033560725,62.74797821044922,23236000,0.0,0.0,LRCX
2021-04-07 00:00:00-04:00,62.74798515476612,64.18473748931444,62.55564387139925,63.353843688964844,14689000,0.0,0.0,LRCX
2021-04-08 00:00:00-04:00,64.14626439022206,64.33667598809241,62.89511080950215,64.24050903320312,12045000,0.0,0.0,LRCX
2021-04-09 00:00:00-04:00,63.96738815124421,64.32705858728967,63.15572494593366,63.66349411010742,12734000,0.0,0.0,LRCX
2021-04-12 00:00:00-04:00,63.34228471948532,63.43268473046954,62.02862677234974,62.53543472290039,15811000,0.0,0.0,LRCX
2021-04-13 00:00:00-04:00,63.04418679307851,63.20478792325604,61.3362342375828,62.027687072753906,13501000,0.0,0.0,LRCX
2021-04-14 00:00:00-04:00,61.63723662691976,62.692204465170164,60.970788616322075,61.589149475097656,8945000,0.0,0.0,LRCX
2021-04-15 00:00:00-04:00,62.3190707937504,62.68066357914786,61.34007463392325,62.461395263671875,10900000,0.0,0.0,LRCX
2021-04-16 00:00:00-04:00,62.588339114591555,62.73067091675716,61.627615958379025,61.90458297729492,11136000,0.0,0.0,LRCX
2021-04-19 00:00:00-04:00,61.90554717032556,62.34984340739799,58.595428313827746,59.790802001953125,24219000,0.0,0.0,LRCX
2021-04-20 00:00:00-04:00,59.31091538834322,60.1139208723404,58.489636934745825,58.954132080078125,13724000,0.0,0.0,LRCX
2021-04-21 00:00:00-04:00,59.58403346999403,61.66800308227539,59.37823236364482,61.66800308227539,20740000,0.0,0.0,LRCX
2021-04-22 00:00:00-04:00,61.92284808828474,62.50370913015426,58.75890603464855,59.099342346191406,24367000,0.0,0.0,LRCX
2021-04-23 00:00:00-04:00,59.69847765820326,60.58611261506131,59.006063768671495,60.344730377197266,14888000,0.0,0.0,LRCX
2021-04-26 00:00:00-04:00,60.29088131232847,61.86996546567468,59.98314259546294,61.852657318115234,12987000,0.0,0.0,LRCX
2021-04-27 00:00:00-04:00,62.25559624120718,62.41331387851336,61.52856239586443,62.01709747314453,9919000,0.0,0.0,LRCX
2021-04-28 00:00:00-04:00,61.93247482730931,61.93247482730931,60.92559044192648,61.36027145385742,7380000,0.0,0.0,LRCX
2021-04-29 00:00:00-04:00,61.737249732606465,61.83630750689393,60.53995372725773,61.641082763671875,8938000,0.0,0.0,LRCX
2021-04-30 00:00:00-04:00,60.6265064465865,61.306418006917895,59.60711968414442,59.66770553588867,13667000,0.0,0.0,LRCX
2021-05-03 00:00:00-04:00,60.51590263954814,60.58610737961368,59.02625395084286,59.3589973449707,11582000,0.0,0.0,LRCX
2021-05-04 00:00:00-04:00,58.50694562877463,58.61946323984169,56.75860295826776,58.30595397949219,15878000,0.0,0.0,LRCX
2021-05-05 00:00:00-04:00,59.36573444434765,59.71963430736014,58.02418436292357,58.7589111328125,9835000,0.0,0.0,LRCX
2021-05-06 00:00:00-04:00,58.581961114745596,59.54268425779235,57.83665431554724,59.37823486328125,11911000,0.0,0.0,LRCX
2021-05-07 00:00:00-04:00,60.200478121341185,61.04772253873166,59.451326652942065,60.63804626464844,10335000,0.0,0.0,LRCX
2021-05-10 00:00:00-04:00,59.760034787866985,60.01584541555034,56.37009916117018,56.397987365722656,17659000,0.0,0.0,LRCX
2021-05-11 00:00:00-04:00,54.67751562192759,57.23463427793678,54.13608768428199,56.97305679321289,19469000,0.0,0.0,LRCX
2021-05-12 00:00:00-04:00,55.296849630589925,55.55842715513733,53.45041745599554,53.6302490234375,24293000,0.0,0.0,LRCX
2021-05-13 00:00:00-04:00,55.100669916992125,57.161557382822956,54.83332177528409,56.23257064819336,29402000,0.0,0.0,LRCX
2021-05-14 00:00:00-04:00,57.31639440502766,58.60793891161602,55.5853630486274,57.98861312866211,15485000,0.0,0.0,LRCX
2021-05-17 00:00:00-04:00,56.77687997452199,57.000950388147345,55.39301341072365,56.93844223022461,16791000,0.0,0.0,LRCX
2021-05-18 00:00:00-04:00,57.501030494902544,57.828964476815,56.233529758199225,56.2421875,11679000,0.0,0.0,LRCX
2021-05-19 00:00:00-04:00,54.729455510159355,57.99821890105394,54.43421918154932,57.91263198852539,15769000,0.0,0.0,LRCX
2021-05-20 00:00:00-04:00,58.43194032005666,60.97079012161133,58.12420161717756,60.27068328857422,19741000,0.0,0.0,LRCX
2021-05-21 00:00:00-04:00,59.9562096925147,60.151430757033786,58.681977243560006,59.05703353881836,14747000,0.0,0.0,LRCX
2021-05-24 00:00:00-04:00,60.13892783341719,61.694933067401216,59.81868678393835,61.03233337402344,14088000,0.0,0.0,LRCX
2021-05-25 00:00:00-04:00,61.64396001425448,62.70854666902536,61.378537886094264,61.583377838134766,15017000,0.0,0.0,LRCX
2021-05-26 00:00:00-04:00,61.71802331243525,62.18058888451351,60.81307644758379,61.35931396484375,12621000,0.0,0.0,LRCX
2021-05-27 00:00:00-04:00,61.05446187522391,62.6277792045082,61.05446187522391,62.09596633911133,22452000,0.0,0.0,LRCX
2021-05-28 00:00:00-04:00,62.797992894340425,63.02109850500988,62.31618954864747,62.495059967041016,8414000,0.0,0.0,LRCX
2021-06-01 00:00:00-04:00,63.08648380482432,64.79828055443886,62.26905367953369,62.417152404785156,12760000,0.0,0.0,LRCX
2021-06-02 00:00:00-04:00,62.28636870056168,63.0739884039812,61.78821838789943,62.412353515625,9195000,0.0,0.0,LRCX
2021-06-03 00:00:00-04:00,61.40835858502578,61.797843272178696,60.701519944915425,61.141971588134766,11786000,0.0,0.0,LRCX
2021-06-04 00:00:00-04:00,61.93344082111876,63.10861932915445,61.72090791331911,63.0201416015625,10443000,0.0,0.0,LRCX
2021-06-07 00:00:00-04:00,62.66527922289774,62.74990498198593,61.836307767650695,62.469093322753906,8127000,0.0,0.0,LRCX
2021-06-08 00:00:00-04:00,63.27883361211346,63.306721812798486,61.00348366950926,61.31218719482422,8856000,0.0,0.0,LRCX
2021-06-09 00:00:00-04:00,61.65647084836454,61.87670033221921,60.88520175094781,60.97944641113281,6594000,0.0,0.0,LRCX
2021-06-10 00:00:00-04:00,60.7592151792133,62.22097210643174,60.7592151792133,61.621849060058594,8440000,0.0,0.0,LRCX
2021-06-11 00:00:00-04:00,61.70455584457526,61.83149448286423,61.05061018293388,61.75071334838867,10244000,0.0,0.0,LRCX
2021-06-14 00:00:00-04:00,61.71320617944032,62.61911414150967,61.37373465122275,62.53256607055664,10188000,0.0,0.0,LRCX
2021-06-15 00:00:00-04:00,62.337911587938144,63.02014821538178,61.84550493664967,62.00642776489258,6380000,0.13,0.0,LRCX
2021-06-16 00:00:00-04:00,62.21842109890157,62.72045854707211,60.95320041977012,61.54967498779297,10738000,0.0,0.0,LRCX
2021-06-17 00:00:00-04:00,61.32900833452058,62.345614322297806,60.582208512098774,61.6498908996582,8548000,0.0,0.0,LRCX
2021-06-18 00:00:00-04:00,60.71710412530447,60.85972102742595,58.67328753945328,59.03656768798828,21139000,0.0,0.0,LRCX
2021-06-21 00:00:00-04:00,59.20906391712279,60.12642105363458,58.643426331714174,59.61088943481445,9930000,0.0,0.0,LRCX
2021-06-22 00:00:00-04:00,59.504895239054235,60.336494065909186,58.70798940178894,59.916358947753906,7199000,0.0,0.0,LRCX
2021-06-23 00:00:00-04:00,60.22567348301436,61.01583402504084,60.065713741358664,60.1505126953125,6796000,0.0,0.0,LRCX
2021-06-24 00:00:00-04:00,61.07462016014288,61.440793314646854,60.8809341722498,61.19121551513672,7681000,0.0,0.0,LRCX
2021-06-25 00:00:00-04:00,61.18928568878571,61.317445366218486,60.29505351528589,60.7498779296875,12496000,0.0,0.0,LRCX
2021-06-28 00:00:00-04:00,61.359857200519045,62.58942948042883,61.35214887108419,62.34177780151367,9633000,0.0,0.0,LRCX
2021-06-29 00:00:00-04:00,62.33598199740793,63.08277444996825,62.0574970781031,62.807186126708984,7976000,0.0,0.0,LRCX
2021-06-30 00:00:00-04:00,62.756110401858784,62.81103544759782,61.99967981945554,62.7021484375,8033000,0.0,0.0,LRCX
2021-07-01 00:00:00-04:00,62.41017430699917,62.574956799326664,60.825037895907464,61.00330352783203,11343000,0.0,0.0,LRCX
2021-07-02 00:00:00-04:00,61.693260312318756,61.79154609054251,60.41840135704053,60.84624481201172,7426000,0.0,0.0,LRCX
2021-07-06 00:00:00-04:00,60.84624320205882,61.45042613363666,59.20906713786635,59.92695617675781,10240000,0.0,0.0,LRCX
2021-07-07 00:00:00-04:00,60.61979777175559,60.65159784269781,58.75810229960949,59.12620162963867,8622000,0.0,0.0,LRCX
2021-07-08 00:00:00-04:00,57.878321233731285,59.117524109041085,57.25872163401822,58.397708892822266,10218000,0.0,0.0,LRCX
2021-07-09 00:00:00-04:00,58.569232044485986,59.197506759093166,58.09417184432165,59.054893493652344,8372000,0.0,0.0,LRCX
2021-07-12 00:00:00-04:00,59.50393486991921,60.63713999931187,59.450935977494495,60.266151428222656,17315000,0.0,0.0,LRCX
2021-07-13 00:00:00-04:00,60.00790051482821,60.3220378583961,59.31506628258795,60.193878173828125,10834000,0.0,0.0,LRCX
2021-07-14 00:00:00-04:00,60.90983668445705,61.71927356474018,59.39214896672217,59.539581298828125,11507000,0.0,0.0,LRCX
2021-07-15 00:00:00-04:00,59.24086826459534,59.840232123478664,58.16162514529056,58.85157012939453,12497000,0.0,0.0,LRCX
2021-07-16 00:00:00-04:00,59.05007044393292,59.35842561524194,56.467593127307104,56.70656967163086,13538000,0.0,0.0,LRCX
2021-07-19 00:00:00-04:00,55.69574556836341,57.03612719751543,55.43942618935394,56.99951171875,14567000,0.0,0.0,LRCX
2021-07-20 00:00:00-04:00,57.425423433970856,58.951782580661906,56.678623597347716,58.499847412109375,15558000,0.0,0.0,LRCX
2021-07-21 00:00:00-04:00,58.607775906990064,61.55353357230375,58.607775906990064,61.40610122680664,16374000,0.0,0.0,LRCX
2021-07-22 00:00:00-04:00,60.906948524503335,61.49667786342694,60.759516189772434,61.278900146484375,12520000,0.0,0.0,LRCX
2021-07-23 00:00:00-04:00,61.83683720057658,62.11917449466554,61.04571713370162,61.69711685180664,10317000,0.0,0.0,LRCX
2021-07-26 00:00:00-04:00,61.78961834139682,62.43812507790268,61.21337947646992,61.708675384521484,8782000,0.0,0.0,LRCX
2021-07-27 00:00:00-04:00,61.19024379352345,61.407058411025474,58.54898572228171,59.993438720703125,14912000,0.0,0.0,LRCX
2021-07-28 00:00:00-04:00,60.237238815877454,61.478367780678994,60.07438615127925,61.18928527832031,12160000,0.0,0.0,LRCX
2021-07-29 00:00:00-04:00,58.835188018631634,59.98188730442399,57.53335173529613,59.708221435546875,29139000,0.0,0.0,LRCX
2021-07-30 00:00:00-04:00,58.87662507838531,61.43019545797223,58.844828682648235,61.42152404785156,16511000,0.0,0.0,LRCX
2021-08-02 00:00:00-04:00,62.26853841628808,63.54917223227173,61.767456636032655,61.844547271728516,13923000,0.0,0.0,LRCX
2021-08-03 00:00:00-04:00,62.199158510077304,62.5711138794713,61.3309477474124,62.20301818847656,6844000,0.0,0.0,LRCX
2021-08-04 00:00:00-04:00,62.52100637508508,63.08278435728846,61.81564101661015,62.61350631713867,11120000,0.0,0.0,LRCX
2021-08-05 00:00:00-04:00,62.80719562470181,62.98257204377892,61.93223969246018,62.21650314331055,5961000,0.0,0.0,LRCX
2021-08-06 00:00:00-04:00,61.92163455305708,62.475707844599995,61.86381290353363,62.43812561035156,6065000,0.0,0.0,LRCX
2021-08-09 00:00:00-04:00,62.63471151598981,62.6665079129562,61.574740945303596,61.71928405761719,7831000,0.0,0.0,LRCX
2021-08-10 00:00:00-04:00,61.74817961831264,61.78865109402167,59.2726633264606,59.47116470336914,16249000,0.0,0.0,LRCX
2021-08-11 00:00:00-04:00,59.74290669474725,59.927921262803956,57.446622710308326,58.63764572143555,17557000,0.0,0.0,LRCX
2021-08-12 00:00:00-04:00,57.65764932226468,57.66728748842284,55.71115513313423,56.22765350341797,25136000,0.0,0.0,LRCX
2021-08-13 00:00:00-04:00,56.20260569340904,56.69308254660316,55.61672862758857,55.92893981933594,17663000,0.0,0.0,LRCX
2021-08-16 00:00:00-04:00,55.876908362648265,56.903152713486556,55.64756995361619,56.74415969848633,12692000,0.0,0.0,LRCX
2021-08-17 00:00:00-04:00,56.07540684382744,56.60924807703242,55.01350654242582,55.7921028137207,12701000,0.0,0.0,LRCX
2021-08-18 00:00:00-04:00,55.69670960671792,56.426163032826665,54.84295249109987,54.878604888916016,8827000,0.0,0.0,LRCX
2021-08-19 00:00:00-04:00,54.47870324294564,55.81619559544546,54.12409441485622,55.61383819580078,11057000,0.0,0.0,LRCX
2021-08-20 00:00:00-04:00,56.22476527879379,56.419414346374495,53.945827684549634,54.53748321533203,16962000,0.0,0.0,LRCX
2021-08-23 00:00:00-04:00,55.18020531252507,56.5061331603801,55.15708033098628,56.303775787353516,13697000,0.0,0.0,LRCX
2021-08-24 00:00:00-04:00,56.55624664439438,57.23848327057682,56.056131666312716,56.427120208740234,9510000,0.0,0.0,LRCX
2021-08-25 00:00:00-04:00,56.58226839057801,57.315574116054215,56.512886084767906,56.73451614379883,9010000,0.0,0.0,LRCX
2021-08-26 00:00:00-04:00,56.660305422058286,57.26641807881122,56.21415616179582,56.40494918823242,8624000,0.0,0.0,LRCX
2021-08-27 00:00:00-04:00,56.780764644513326,59.08764982909975,56.77209323552913,58.74074935913086,14981000,0.0,0.0,LRCX
2021-08-30 00:00:00-04:00,59.24183021187527,59.5318758067415,58.05273333207173,58.58657455444336,9763000,0.0,0.0,LRCX
2021-08-31 00:00:00-04:00,58.67136990262062,58.67136990262062,57.52756365494586,58.281105041503906,10715000,0.0,0.0,LRCX
2021-09-01 00:00:00-04:00,58.581752851449565,58.682931542808724,57.733778006948995,57.795448303222656,7046000,0.0,0.0,LRCX
2021-09-02 00:00:00-04:00,58.07874895546017,58.57308176156778,57.73474140296478,58.019004821777344,8571000,0.0,0.0,LRCX
2021-09-03 00:00:00-04:00,58.011301243177215,59.10210871806325,57.43120635285232,58.84867858886719,10294000,0.0,0.0,LRCX
2021-09-07 00:00:00-04:00,57.7347474613382,58.3601292538801,56.66031969964946,57.16043472290039,23316000,0.0,0.0,LRCX
2021-09-08 00:00:00-04:00,56.99179459631816,57.00624816928174,55.54059632146596,56.23054122924805,17215000,0.0,0.0,LRCX
2021-09-09 00:00:00-04:00,55.98578254404668,57.51985360694987,55.79306333668306,57.200897216796875,15391000,0.0,0.0,LRCX
2021-09-10 00:00:00-04:00,58.02189724528898,58.98454494621634,57.480347720926396,57.634525299072266,15575000,0.0,0.0,LRCX
2021-09-13 00:00:00-04:00,58.09706099890884,59.2562839764793,57.77425225254586,58.66173553466797,13132000,0.0,0.0,LRCX
2021-09-14 00:00:00-04:00,57.87543032758642,58.91516502155599,57.68463359115269,58.15391159057617,11812000,0.0,0.0,LRCX
2021-09-15 00:00:00-04:00,57.905305779428254,58.96046090010797,57.53624336035073,58.924808502197266,11420000,0.0,0.0,LRCX
2021-09-16 00:00:00-04:00,58.18860429482776,59.470204769324134,57.79737633305188,59.343971252441406,13524000,0.0,0.0,LRCX
2021-09-17 00:00:00-04:00,59.25725215188548,59.38059643683096,58.16740770777694,58.681976318359375,20142000,0.0,0.0,LRCX
2021-09-20 00:00:00-04:00,57.325210318010114,57.33966389242562,55.99350017050915,56.84436798095703,13241000,0.0,0.0,LRCX
2021-09-21 00:00:00-04:00,57.081414842064696,57.26546633568977,55.72561662551391,56.48879623413086,16045000,0.0,0.0,LRCX
2021-09-22 00:00:00-04:00,57.23848655514752,58.17607951024155,56.746079876513065,57.92264938354492,10350000,0.0,0.0,LRCX
2021-09-23 00:00:00-04:00,57.87349876497721,59.545364078148175,57.50154714577878,59.02694320678711,11004000,0.0,0.0,LRCX
2021-09-24 00:00:00-04:00,58.263758709162616,59.14642647336727,57.94287616594127,59.019229888916016,7273000,0.0,0.0,LRCX
2021-09-27 00:00:00-04:00,58.24645299380531,60.08277531637131,58.17883493165631,59.56887435913086,10892000,0.15,0.0,LRCX
2021-09-28 00:00:00-04:00,57.57799796487338,58.572956329179185,56.507697968560514,56.603328704833984,20885000,0.0,0.0,LRCX
2021-09-29 00:00:00-04:00,56.6168501343168,56.896018764891565,54.75638061580753,54.820133209228516,16577000,0.0,0.0,LRCX
2021-09-30 00:00:00-04:00,55.37846577590692,55.78803960845816,54.86070304625624,54.978553771972656,10938000,0.0,0.0,LRCX
2021-10-01 00:00:00-04:00,55.16885090893576,55.41324506316418,54.15264540130878,55.03458023071289,11157000,0.0,0.0,LRCX
2021-10-04 00:00:00-04:00,54.671368035878935,54.722566142629965,52.96738567514587,53.14222717285156,16407000,0.0,0.0,LRCX
2021-10-05 00:00:00-04:00,53.77398423532004,54.41152863887332,53.188603393173004,53.698638916015625,12056000,0.0,0.0,LRCX
2021-10-06 00:00:00-04:00,53.12871168631218,53.89183406582081,52.62930344729972,53.29582595825195,15908000,0.0,0.0,LRCX
2021-10-07 00:00:00-04:00,54.48397627669649,54.49460355187208,53.54021601955452,53.69091033935547,10535000,0.0,0.0,LRCX
2021-10-08 00:00:00-04:00,53.96138185328079,54.089856175012464,53.03984160517334,53.1441650390625,8671000,0.0,0.0,LRCX
2021-10-11 00:00:00-04:00,52.948067154786635,54.2366793918153,52.93647443503344,53.364402770996094,8923000,0.0,0.0,LRCX
2021-10-12 00:00:00-04:00,53.887003487791425,53.91888162885959,52.38297871584618,52.81766891479492,12766000,0.0,0.0,LRCX
2021-10-13 00:00:00-04:00,53.41464322021258,53.91791693812374,52.460255661068125,52.5887336730957,12538000,0.0,0.0,LRCX
2021-10-14 00:00:00-04:00,53.959455243632945,54.87519920393508,53.541184974229715,54.86071014404297,15499000,0.0,0.0,LRCX
2021-10-15 00:00:00-04:00,54.72257388644392,54.916735382382335,54.22895832875994,54.5264778137207,13248000,0.0,0.0,LRCX
2021-10-18 00:00:00-04:00,54.09468673097744,55.00656882884804,53.97200877053751,54.93508529663086,12474000,0.0,0.0,LRCX
2021-10-19 00:00:00-04:00,54.97758602365714,55.83343902090081,54.65784657514994,55.14083480834961,14995000,0.0,0.0,LRCX
2021-10-20 00:00:00-04:00,55.11862284808406,55.328238843973956,54.48687115285068,54.625972747802734,16933000,0.0,0.0,LRCX
2021-10-21 00:00:00-04:00,52.63510031376737,53.69574595098777,51.6807163828736,53.65227508544922,30650000,0.0,0.0,LRCX
2021-10-22 00:00:00-04:00,54.09468992137848,55.621900173180876,53.54408355089997,53.779781341552734,18770000,0.0,0.0,LRCX
2021-10-25 00:00:00-04:00,53.9063194276731,54.28884603714088,53.07074812528248,53.31900405883789,12826000,0.0,0.0,LRCX
2021-10-26 00:00:00-04:00,53.79330173738527,54.02127226166194,52.770334400811905,53.02631759643555,11734000,0.0,0.0,LRCX
2021-10-27 00:00:00-04:00,52.937441581326866,54.14684676531139,52.76066918149717,53.478389739990234,11838000,0.0,0.0,LRCX
2021-10-28 00:00:00-04:00,54.455959767997356,56.020840666980945,54.42408162962476,54.66944122314453,22325000,0.0,0.0,LRCX
2021-10-29 00:00:00-04:00,53.93433247979591,54.78632373804793,53.72761282719859,54.439537048339844,13381000,0.0,0.0,LRCX
2021-11-01 00:00:00-04:00,54.57767180656643,55.34272501147493,54.22605789634492,55.3272705078125,10724000,0.0,0.0,LRCX
2021-11-02 00:00:00-04:00,55.51852818687693,55.83343670823418,55.253852326364544,55.47023010253906,8970000,0.0,0.0,LRCX
2021-11-03 00:00:00-04:00,55.54944108320175,56.36375776918558,55.002696596122576,56.161869049072266,7908000,0.0,0.0,LRCX
2021-11-04 00:00:00-04:00,56.316435426141325,57.871658352306895,55.999595954084576,57.83591842651367,17965000,0.0,0.0,LRCX
2021-11-05 00:00:00-04:00,58.04649424304734,59.21435949318312,57.69584577122241,58.99894714355469,21028000,0.0,0.0,LRCX
2021-11-08 00:00:00-05:00,59.40755467495657,59.8915083702185,58.332423834109626,58.83473205566406,12598000,0.0,0.0,LRCX
2021-11-09 00:00:00-05:00,58.924570437903505,60.18613559537925,58.83087059322453,60.075050354003906,12041000,0.0,0.0,LRCX
2021-11-10 00:00:00-05:00,59.36312072767256,60.110788572006335,58.335322488099266,58.51692581176758,10898000,0.0,0.0,LRCX
2021-11-11 00:00:00-05:00,59.271358831348955,59.822930639985785,58.90042122582921,59.281982421875,8198000,0.0,0.0,LRCX
2021-11-12 00:00:00-05:00,59.63938971563346,60.65366428637764,59.26265579172702,60.3175048828125,10591000,0.0,0.0,LRCX
2021-11-15 00:00:00-05:00,61.04972110792231,62.246568252623845,60.38126401183633,60.88164138793945,13534000,0.0,0.0,LRCX
2021-11-16 00:00:00-05:00,60.77634727910572,61.62930402471406,60.31847533126597,61.268028259277344,8523000,0.0,0.0,LRCX
2021-11-17 00:00:00-05:00,61.2680259490164,61.70658159176525,60.497176356008225,60.91737747192383,9066000,0.0,0.0,LRCX
2021-11-18 00:00:00-05:00,61.531740715332866,61.55878794045944,60.353248160689766,61.41679000854492,10002000,0.0,0.0,LRCX
2021-11-19 00:00:00-05:00,61.47474069402346,63.46464982286407,61.15886671911652,62.257179260253906,18332000,0.0,0.0,LRCX
2021-11-22 00:00:00-05:00,62.87734265179755,63.85684272556006,62.027278648336015,62.469696044921875,18759000,0.0,0.0,LRCX
2021-11-23 00:00:00-05:00,62.59527667372437,63.97758873266832,61.94420507030748,63.8819580078125,17531000,0.0,0.0,LRCX
2021-11-24 00:00:00-05:00,63.1748696634453,63.90321388061507,62.33253649570519,63.83076858520508,12152000,0.0,0.0,LRCX
2021-11-26 00:00:00-05:00,62.92951084996895,63.183555780140104,61.66890749400854,62.01375961303711,8377000,0.0,0.0,LRCX
2021-11-29 00:00:00-05:00,62.9333758201217,65.90761264702982,62.693812566422274,65.73857116699219,19639000,0.0,0.0,LRCX
2021-11-30 00:00:00-05:00,65.23529598564434,66.94218238374314,64.54076445930929,65.67192077636719,27254000,0.0,0.0,LRCX
2021-12-01 00:00:00-05:00,66.91318620362777,68.76110111895535,66.10852763482487,66.99336242675781,25249000,0.0,0.0,LRCX
2021-12-02 00:00:00-05:00,65.96268382204674,66.16457258598244,63.357438811139254,63.90128707885742,23006000,0.0,0.0,LRCX
2021-12-03 00:00:00-05:00,64.60451280588457,64.81606339255889,62.96718275224666,63.89645767211914,13856000,0.0,0.0,LRCX
2021-12-06 00:00:00-05:00,64.23068125282401,64.79481862827221,62.05723380657298,64.48473358154297,12665000,0.0,0.0,LRCX
2021-12-07 00:00:00-05:00,65.54246637218205,68.54182650440693,65.39660298429963,68.2124252319336,16016000,0.0,0.0,LRCX
2021-12-08 00:00:00-05:00,68.10134845485608,69.38706451274996,68.10134845485608,68.97362518310547,11634000,0.0,0.0,LRCX
2021-12-09 00:00:00-05:00,68.46359182539193,69.54161912154646,67.35464814850941,67.55944061279297,10828000,0.0,0.0,LRCX
2021-12-10 00:00:00-05:00,68.74565597633651,68.98039200268366,67.09190599573401,68.19408416748047,8793000,0.0,0.0,LRCX
2021-12-13 00:00:00-05:00,68.3476670467862,68.3959688214386,66.07279643509003,66.16649627685547,12440000,0.0,0.0,LRCX
2021-12-14 00:00:00-05:00,65.30972577592425,66.15874536419823,64.6824040733539,65.75408172607422,13892000,0.15,0.0,LRCX
2021-12-15 00:00:00-05:00,65.83055482067297,67.65057338322953,64.41519984192968,67.50633239746094,13627000,0.0,0.0,LRCX
2021-12-16 00:00:00-05:00,67.93810332739395,68.47829982163186,64.5371801827795,64.98637390136719,13775000,0.0,0.0,LRCX
2021-12-17 00:00:00-05:00,64.3784160657717,65.62629384942734,63.95632889484405,64.78211212158203,15633000,0.0,0.0,LRCX
2021-12-20 00:00:00-05:00,63.78304295408559,65.15386801673468,63.30383250521364,63.99892807006836,9110000,0.0,0.0,LRCX
2021-12-21 00:00:00-05:00,65.78700202953097,66.51404199796667,64.39197308618466,66.12776947021484,13405000,0.0,0.0,LRCX
2021-12-22 00:00:00-05:00,65.683406439771,66.99518035766356,65.14514505882396,66.91676330566406,10424000,0.0,0.0,LRCX
2021-12-23 00:00:00-05:00,67.232353555629,68.4386037372557,67.12586236604137,67.64282989501953,8674000,0.0,0.0,LRCX
2021-12-27 00:00:00-05:00,68.03686029508218,70.0901953106559,68.03686029508218,70.0321044921875,10143000,0.0,0.0,LRCX
2021-12-28 00:00:00-05:00,70.18701445312658,70.51422867329748,69.18406320552542,69.32540893554688,7816000,0.0,0.0,LRCX
2021-12-29 00:00:00-05:00,69.57613681143859,70.49389048522741,69.32539719550228,70.3564224243164,6902000,0.0,0.0,LRCX
2021-12-30 00:00:00-05:00,70.47744256728187,70.47744256728187,69.42996123101318,69.54129028320312,5216000,0.0,0.0,LRCX
2021-12-31 00:00:00-05:00,69.53935436611877,70.27123227075688,69.4347982694586,69.62067413330078,7138000,0.0,0.0,LRCX
2022-01-03 00:00:00-05:00,69.812344734256,70.77366832032298,68.91201465726468,70.23152923583984,10602000,0.0,0.0,LRCX
2022-01-04 00:00:00-05:00,70.35447250606325,70.85013891101646,68.00394026679395,68.928466796875,14566000,0.0,0.0,LRCX
2022-01-05 00:00:00-05:00,69.00493493022255,69.20920182967359,66.85769510976368,66.97386932373047,13994000,0.0,0.0,LRCX
2022-01-06 00:00:00-05:00,67.1375028040168,68.31761436210614,66.50436822976035,67.95167541503906,11896000,0.0,0.0,LRCX
2022-01-07 00:00:00-05:00,67.56152071475319,68.0784809385348,64.70659916345085,64.79373168945312,15698000,0.0,0.0,LRCX
2022-01-10 00:00:00-05:00,63.76076516066998,64.6514120835277,62.268928241188064,64.30967712402344,16246000,0.0,0.0,LRCX
2022-01-11 00:00:00-05:00,63.19927516811045,65.20614476178432,63.1208581086542,65.17322540283203,9189000,0.0,0.0,LRCX
2022-01-12 00:00:00-05:00,65.7414898130223,66.70378085843515,65.28067791977737,66.44239807128906,9286000,0.0,0.0,LRCX
2022-01-13 00:00:00-05:00,68.25080768687278,70.73494529908804,66.15294261225779,66.48596954345703,29135000,0.0,0.0,LRCX
2022-01-14 00:00:00-05:00,66.17618603404108,70.74366096703181,66.00483103321574,70.65363311767578,19416000,0.0,0.0,LRCX
2022-01-18 00:00:00-05:00,69.37961698905913,69.45125372073845,65.48496150656622,65.73473358154297,20069000,0.0,0.0,LRCX
2022-01-19 00:00:00-05:00,66.88094629401742,67.63896308180084,62.15663799922067,62.222469329833984,18340000,0.0,0.0,LRCX
2022-01-20 00:00:00-05:00,63.38031264594766,63.699786269502425,59.7818951116673,59.99003601074219,19444000,0.0,0.0,LRCX
2022-01-21 00:00:00-05:00,59.6541053400934,61.64160881508594,58.51659269035088,58.64631652832031,22222000,0.0,0.0,LRCX
2022-01-24 00:00:00-05:00,56.63364670143586,60.33564908270296,55.714921829000005,60.198177337646484,24890000,0.0,0.0,LRCX
2022-01-25 00:00:00-05:00,58.09934743541875,58.515629255546585,56.246409184161514,56.946346282958984,18846000,0.0,0.0,LRCX
2022-01-26 00:00:00-05:00,58.426567610625526,59.462430685256464,56.18638916546349,57.76342010498047,23637000,0.0,0.0,LRCX
2022-01-27 00:00:00-05:00,57.59206917508133,58.13420091524703,53.315986609546805,53.75840377807617,30943000,0.0,0.0,LRCX
2022-01-28 00:00:00-05:00,53.59576483265319,54.32571125308102,51.309121079149975,54.32377243041992,20024000,0.0,0.0,LRCX
2022-01-31 00:00:00-05:00,54.55805067594104,57.114796350993046,53.90652134320227,57.109954833984375,19000000,0.0,0.0,LRCX
2022-02-01 00:00:00-05:00,57.117701471894506,57.490417051496436,55.37512826728329,57.06639099121094,11355000,0.0,0.0,LRCX
2022-02-02 00:00:00-05:00,57.88926826595765,59.373361141923404,57.12447113144485,59.22523880004883,16622000,0.0,0.0,LRCX
2022-02-03 00:00:00-05:00,57.793431687389656,58.62405651812332,56.708193289305385,56.99765396118164,20076000,0.0,0.0,LRCX
2022-02-04 00:00:00-05:00,56.778862239993884,57.07413197333038,55.53388710475443,56.059566497802734,14462000,0.0,0.0,LRCX
2022-02-07 00:00:00-05:00,56.25317993810142,57.07993441009324,55.082751663258705,55.31412887573242,10859000,0.0,0.0,LRCX
2022-02-08 00:00:00-05:00,54.84557940580548,55.91435819626209,54.27149953988908,55.790443420410156,12958000,0.0,0.0,LRCX
2022-02-09 00:00:00-05:00,57.02766184501837,59.10229045360379,56.44293147170032,58.806053161621094,12072000,0.0,0.0,LRCX
2022-02-10 00:00:00-05:00,56.995718718727986,59.6337804283254,56.923110736455634,57.58916091918945,15148000,0.0,0.0,LRCX
2022-02-11 00:00:00-05:00,57.60270957049755,58.07998117666087,53.766141912658625,54.21243667602539,15785000,0.0,0.0,LRCX
2022-02-14 00:00:00-05:00,54.27826718600419,55.08856199795276,53.01877123034477,54.04398727416992,13459000,0.0,0.0,LRCX
2022-02-15 00:00:00-05:00,55.12438514931476,57.773093563965276,55.12438514931476,57.48750686645508,14344000,0.0,0.0,LRCX
2022-02-16 00:00:00-05:00,56.58331265554288,57.640473241388705,55.88531434739621,57.260009765625,8048000,0.0,0.0,LRCX
2022-02-17 00:00:00-05:00,56.84469737641295,57.62304790653831,56.074094751111005,56.20866012573242,12909000,0.0,0.0,LRCX
2022-02-18 00:00:00-05:00,56.22801939905691,56.36645502545534,54.53191154051271,55.180538177490234,12481000,0.0,0.0,LRCX
2022-02-22 00:00:00-05:00,54.31021312916952,55.89305300261954,53.33437240132085,54.18629837036133,12194000,0.0,0.0,LRCX
2022-02-23 00:00:00-05:00,54.86493174567226,55.283148653913784,52.397254042516934,52.508583068847656,12435000,0.0,0.0,LRCX
2022-02-24 00:00:00-05:00,50.83474929238028,54.60935982977473,50.297459093304866,54.492218017578125,15628000,0.0,0.0,LRCX
2022-02-25 00:00:00-05:00,54.62098148698713,55.557130014685534,53.83682188523916,55.49129867553711,10847000,0.0,0.0,LRCX
2022-02-28 00:00:00-05:00,54.833958333419524,55.29186761106532,53.26564287730331,54.34410095214844,14065000,0.0,0.0,LRCX
2022-03-01 00:00:00-05:00,54.0255910803339,54.445746807342545,51.808649289538714,52.33238983154297,16089000,0.0,0.0,LRCX
2022-03-02 00:00:00-05:00,52.98101893081606,54.04205335726186,52.36530801328883,53.634483337402344,12451000,0.0,0.0,LRCX
2022-03-03 00:00:00-05:00,54.261817277515505,54.261817277515505,52.15136625459806,52.61702346801758,10339000,0.0,0.0,LRCX
2022-03-04 00:00:00-05:00,52.155232013136406,52.47276681226014,50.30326143599711,50.900577545166016,14386000,0.0,0.0,LRCX
2022-03-07 00:00:00-05:00,51.07677535329279,51.65085888650514,47.311847708281746,47.35444641113281,21396000,0.0,0.0,LRCX
2022-03-08 00:00:00-05:00,47.394136069864935,49.48135052371777,46.376664170478875,47.47254943847656,21558000,0.0,0.0,LRCX
2022-03-09 00:00:00-05:00,49.31482851419611,50.55496196261937,48.779473547353014,50.08059310913086,14437000,0.0,0.0,LRCX
2022-03-10 00:00:00-05:00,48.86758392582192,49.08346906783665,47.268287826550896,48.12118148803711,11106000,0.0,0.0,LRCX
2022-03-11 00:00:00-05:00,49.52297972171209,49.58300197599629,46.71840452985197,46.79682159423828,10389000,0.0,0.0,LRCX
2022-03-14 00:00:00-04:00,47.27118778706382,47.4928819984756,45.11910944548413,45.40373229980469,15870000,0.0,0.0,LRCX
2022-03-15 00:00:00-04:00,46.14863718294857,47.29271533057108,45.79803294785564,47.07613754272461,12455000,0.15,0.0,LRCX
2022-03-16 00:00:00-04:00,48.20079670003939,49.98101163607661,47.588937889813835,49.96741485595703,16659000,0.0,0.0,LRCX
2022-03-17 00:00:00-04:00,49.54785403694049,51.14257115844034,49.293401587890024,51.11634826660156,13627000,0.0,0.0,LRCX
2022-03-18 00:00:00-04:00,51.00465748004137,53.1714137254948,50.793907384250666,52.895591735839844,22237000,0.0,0.0,LRCX
2022-03-21 00:00:00-04:00,52.25071115559837,52.860628633017924,51.07264462052289,52.13999557495117,10517000,0.0,0.0,LRCX
2022-03-22 00:00:00-04:00,52.25070177494116,53.69293830147321,52.25070177494116,53.10147476196289,10664000,0.0,0.0,LRCX
2022-03-23 00:00:00-04:00,52.48088077855453,53.2219089367916,51.531043884884284,51.56989288330078,9835000,0.0,0.0,LRCX
2022-03-24 00:00:00-04:00,52.182723141648225,54.06685513672025,51.6475917026211,54.020240783691406,12124000,0.0,0.0,LRCX
2022-03-25 00:00:00-04:00,53.91729099331276,54.08919577774208,52.947058908055915,53.88426971435547,7531000,0.0,0.0,LRCX
2022-03-28 00:00:00-04:00,53.374385643799236,54.179511261149884,52.5352643764773,54.126094818115234,7338000,0.0,0.0,LRCX
2022-03-29 00:00:00-04:00,55.20316356357643,55.82376205149156,54.20865365310245,55.254638671875,11139000,0.0,0.0,LRCX
2022-03-30 00:00:00-04:00,54.602958702427216,55.454702409329386,52.962598130823416,53.27629470825195,12981000,0.0,0.0,LRCX
2022-03-31 00:00:00-04:00,53.41518142021939,54.14552483270224,52.1671860150497,52.212833404541016,14703000,0.0,0.0,LRCX
2022-04-01 00:00:00-04:00,52.563435159491824,53.00533047012853,50.21797970388701,51.03184509277344,12084000,0.0,0.0,LRCX
2022-04-04 00:00:00-04:00,51.11731042604092,52.130274116544506,50.92501419102944,52.012760162353516,8777000,0.0,0.0,LRCX
2022-04-05 00:00:00-04:00,51.33874121512384,51.47373831860646,48.5649875396566,48.91364669799805,19670000,0.0,0.0,LRCX
2022-04-06 00:00:00-04:00,47.968673344990066,49.113722203901126,47.40149130120548,48.382408142089844,15845000,0.0,0.0,LRCX
2022-04-07 00:00:00-04:00,48.3017937466136,49.411876182875986,47.85309637339271,48.88451385498047,10095000,0.0,0.0,LRCX
2022-04-08 00:00:00-04:00,48.36686046487542,48.645598106820515,47.66953843513881,47.748207092285156,10449000,0.0,0.0,LRCX
2022-04-11 00:00:00-04:00,47.31116940258511,47.39760712529464,46.15252380125067,46.20594024658203,16953000,0.0,0.0,LRCX
2022-04-12 00:00:00-04:00,46.71679007678904,47.38983056532436,45.13858580261278,45.35516357421875,16778000,0.0,0.0,LRCX
2022-04-13 00:00:00-04:00,45.61350624305634,46.356475725882646,45.440630796723234,45.9000129699707,11396000,0.0,0.0,LRCX
2022-04-14 00:00:00-04:00,45.97867726621695,46.035009423509024,44.271303484178546,44.30238342285156,13648000,0.0,0.0,LRCX
2022-04-18 00:00:00-04:00,43.82843403460835,45.93788716765287,43.80124047744579,45.69994354248047,16631000,0.0,0.0,LRCX
2022-04-19 00:00:00-04:00,45.57660320017556,46.88772540728635,45.2609615711024,46.5390625,12144000,0.0,0.0,LRCX
2022-04-20 00:00:00-04:00,47.84727306674788,49.02728454414476,46.58665158409143,46.7585563659668,20233000,0.0,0.0,LRCX
2022-04-21 00:00:00-04:00,47.45977065025835,48.32705260964534,45.500852439556354,45.59894561767578,22794000,0.0,0.0,LRCX
2022-04-22 00:00:00-04:00,45.35516167724291,45.87086853329517,44.71125240415281,44.979305267333984,20282000,0.0,0.0,LRCX
2022-04-25 00:00:00-04:00,44.72193975847694,46.65268961055157,44.58985465743699,46.27003479003906,14124000,0.0,0.0,LRCX
2022-04-26 00:00:00-04:00,45.32020491968019,45.67663317441069,44.355800593955784,44.405330657958984,14974000,0.0,0.0,LRCX
2022-04-27 00:00:00-04:00,44.132427647764665,45.50862181805385,43.65556598308001,44.36260223388672,12413000,0.0,0.0,LRCX
2022-04-28 00:00:00-04:00,45.47753938742438,47.55105559245279,44.928811176969134,47.053802490234375,16784000,0.0,0.0,LRCX
2022-04-29 00:00:00-04:00,46.13212848820262,47.72878671332583,45.14732900459513,45.234737396240234,14050000,0.0,0.0,LRCX
2022-05-02 00:00:00-04:00,45.382369875119444,46.59443216509412,44.59569418992232,46.55169677734375,12866000,0.0,0.0,LRCX
2022-05-03 00:00:00-04:00,46.28751991592338,47.45684655809283,45.95731085413751,47.14120864868164,9578000,0.0,0.0,LRCX
2022-05-04 00:00:00-04:00,47.314077324492565,49.301159286633094,46.36618557870565,49.13508224487305,11962000,0.0,0.0,LRCX
2022-05-05 00:00:00-04:00,48.016257664957536,48.36492054245453,45.94565364554225,46.74592590332031,14578000,0.0,0.0,LRCX
2022-05-06 00:00:00-04:00,46.299178733945624,47.541346409242074,45.15510052176127,46.445831298828125,10680000,0.0,0.0,LRCX
2022-05-09 00:00:00-04:00,44.6714429133359,44.907445225991836,42.978636384524535,43.42733383178711,18487000,0.0,0.0,LRCX
2022-05-10 00:00:00-04:00,44.769529019465686,45.55911651323149,43.366141475824236,44.5898551940918,14134000,0.0,0.0,LRCX
2022-05-11 00:00:00-04:00,44.18001265368503,45.54940831870758,43.323411898035275,43.432186126708984,11793000,0.0,0.0,LRCX
2022-05-12 00:00:00-04:00,43.391393432543786,44.87636163482104,43.21851799717247,44.71708297729492,15558000,0.0,0.0,LRCX
2022-05-13 00:00:00-04:00,45.21920033419282,48.103669916087064,45.16092683678847,47.77540588378906,19093000,0.0,0.0,LRCX
2022-05-16 00:00:00-04:00,47.24123821571037,47.88514753664427,46.52060898235948,46.85761642456055,9689000,0.0,0.0,LRCX
2022-05-17 00:00:00-04:00,48.0764847602731,50.15000502094281,47.593799024615535,49.75181198120117,16356000,0.0,0.0,LRCX
2022-05-18 00:00:00-04:00,48.61062990262925,49.38564989030846,46.095218767949596,46.372982025146484,17105000,0.0,0.0,LRCX
2022-05-19 00:00:00-04:00,46.56916945888462,47.198507642477075,45.75335905577846,45.8533935546875,11193000,0.0,0.0,LRCX
2022-05-20 00:00:00-04:00,46.658523983084095,47.02078368860442,43.74880201232657,46.04666519165039,17158000,0.0,0.0,LRCX
2022-05-23 00:00:00-04:00,46.25741906147326,47.194629898080564,45.84562928771416,46.938232421875,10578000,0.0,0.0,LRCX
2022-05-24 00:00:00-04:00,46.37395481399008,46.66725619965767,45.23182179802397,45.74073028564453,9431000,0.0,0.0,LRCX
2022-05-25 00:00:00-04:00,45.220169930724936,47.74723681925055,45.19685905037841,47.35390090942383,12887000,0.0,0.0,LRCX
2022-05-26 00:00:00-04:00,46.801284834577,49.86543178886383,46.70902309988552,49.454612731933594,12922000,0.0,0.0,LRCX
2022-05-27 00:00:00-04:00,50.23254282319988,52.189515540618935,50.04121726742207,51.57280349731445,16526000,0.0,0.0,LRCX
2022-05-31 00:00:00-04:00,50.95804266709523,51.085267035992416,49.57310501035644,50.50545883178711,15011000,0.0,0.0,LRCX
2022-06-01 00:00:00-04:00,50.81526967426332,50.98814512970491,48.51740654196183,49.12246322631836,10261000,0.0,0.0,LRCX
2022-06-02 00:00:00-04:00,48.857331026290204,50.87063637079149,48.7592415524879,50.82304763793945,11600000,0.0,0.0,LRCX
2022-06-03 00:00:00-04:00,49.79259417799013,50.62588408254491,49.454616039936376,49.917877197265625,13304000,0.0,0.0,LRCX
2022-06-06 00:00:00-04:00,51.15033127307806,51.75442093938932,49.89068053997433,50.13930892944336,7852000,0.0,0.0,LRCX
2022-06-07 00:00:00-04:00,49.47501642122016,50.98523713508475,49.37109552398416,50.83664321899414,11502000,0.0,0.0,LRCX
2022-06-08 00:00:00-04:00,50.68415932210903,50.897825117469765,49.33224301859765,49.73820877075195,9009000,0.0,0.0,LRCX
2022-06-09 00:00:00-04:00,48.859269412688214,49.86155215980587,47.895839371780234,47.92400360107422,8652000,0.0,0.0,LRCX
2022-06-10 00:00:00-04:00,47.12275932269164,47.42965753388119,46.01655941572497,46.074832916259766,10987000,0.0,0.0,LRCX
2022-06-13 00:00:00-04:00,44.190691404784694,44.898698228124545,43.236971910594335,43.420528411865234,14833000,0.0,0.0,LRCX
2022-06-14 00:00:00-04:00,44.172827667732335,44.37843987940482,43.373757024672855,43.82883834838867,11689000,0.15,0.0,LRCX
2022-06-15 00:00:00-04:00,43.82883746871888,45.09662452706543,43.31139073603595,44.205955505371094,15659000,0.0,0.0,LRCX
2022-06-16 00:00:00-04:00,43.02878743285327,43.17203792139755,40.215489244543384,40.762168884277344,19042000,0.0,0.0,LRCX
2022-06-17 00:00:00-04:00,40.64718210883639,41.33905640970717,40.088807779850576,40.875205993652344,17917000,0.0,0.0,LRCX
2022-06-21 00:00:00-04:00,41.63431808064495,43.102847473687696,41.60898457227872,42.19853973388672,12126000,0.0,0.0,LRCX
2022-06-22 00:00:00-04:00,41.24648400714592,42.35835564447375,40.9785026683063,41.47645950317383,11078000,0.0,0.0,LRCX
2022-06-23 00:00:00-04:00,42.033855272578116,42.033855272578116,40.482496505175,41.325416564941406,9030000,0.0,0.0,LRCX
2022-06-24 00:00:00-04:00,42.13032979276107,43.891200183307575,42.01923779746139,43.8697624206543,14217000,0.0,0.0,LRCX
2022-06-27 00:00:00-04:00,44.44762416285843,44.555790633255704,43.485820606438395,43.83078384399414,7695000,0.0,0.0,LRCX
2022-06-28 00:00:00-04:00,43.985729872895746,44.75458620534899,42.56202359416931,42.70722198486328,9379000,0.0,0.0,LRCX
2022-06-29 00:00:00-04:00,42.14105754228667,42.29210329079042,41.415076651248874,41.614845275878906,11751000,0.0,0.0,LRCX
2022-06-30 00:00:00-04:00,40.8323303012128,42.559094235817724,40.44059210114663,41.527130126953125,10663000,0.0,0.0,LRCX
2022-07-01 00:00:00-04:00,39.86566013215901,40.411365937693844,37.66432839028372,38.47509002685547,29500000,0.0,0.0,LRCX
2022-07-05 00:00:00-04:00,36.997778785195166,38.10185503445275,36.6274820888205,37.88454818725586,26882000,0.0,0.0,LRCX
2022-07-06 00:00:00-04:00,38.10478842111995,38.667058573464274,37.38660285990345,38.16910171508789,12516000,0.0,0.0,LRCX
2022-07-07 00:00:00-04:00,39.29266672889924,40.67641918761079,39.17573110560359,40.42890167236328,13753000,0.0,0.0,LRCX
2022-07-08 00:00:00-04:00,39.87344762953045,40.65302454564505,39.50119932682058,40.45228576660156,9213000,0.0,0.0,LRCX
2022-07-11 00:00:00-04:00,39.86175868533728,39.956282609107,38.82784658002944,39.21373748779297,11137000,0.0,0.0,LRCX
2022-07-12 00:00:00-04:00,39.45637940181969,40.04398302160871,39.15234382019281,39.5509033203125,9538000,0.0,0.0,LRCX
2022-07-13 00:00:00-04:00,38.60176415340175,40.37725475482802,38.589095539672506,40.149227142333984,9220000,0.0,0.0,LRCX
2022-07-14 00:00:00-04:00,39.78379944039045,41.22893955914136,39.094846929840685,40.86156463623047,11114000,0.0,0.0,LRCX
2022-07-15 00:00:00-04:00,41.333208187525614,41.647960766750025,40.14922445918718,41.62262725830078,13375000,0.0,0.0,LRCX
2022-07-18 00:00:00-04:00,42.66726108341594,42.668235020230036,40.89762160950669,41.23576354980469,9080000,0.0,0.0,LRCX
2022-07-19 00:00:00-04:00,41.99877435139879,43.62614477917256,41.89645522145831,43.55305862426758,14888000,0.0,0.0,LRCX
2022-07-20 00:00:00-04:00,43.45852595838232,45.642318712992946,43.30553240404034,45.322689056396484,18505000,0.0,0.0,LRCX
2022-07-21 00:00:00-04:00,45.680333246498456,46.49889006106888,44.981637585733004,46.397544860839844,13812000,0.0,0.0,LRCX
2022-07-22 00:00:00-04:00,46.29132983192712,46.554434059616305,44.923167774434226,45.214534759521484,13265000,0.0,0.0,LRCX
2022-07-25 00:00:00-04:00,43.87658880045647,44.661039264818726,43.59593882766439,44.577232360839844,11483000,0.0,0.0,LRCX
2022-07-26 00:00:00-04:00,44.1221541086701,44.52753491870383,43.40006907613295,43.581321716308594,11291000,0.0,0.0,LRCX
2022-07-27 00:00:00-04:00,44.263451716283505,45.93077224746401,44.24006236092066,45.572166442871094,16886000,0.0,0.0,LRCX
2022-07-28 00:00:00-04:00,45.25546121258987,47.4684872904798,44.17769232040625,47.25605010986328,23813000,0.0,0.0,LRCX
2022-07-29 00:00:00-04:00,46.57100221890053,49.308292840857504,46.43457670288284,48.77330780029297,24772000,0.0,0.0,LRCX
2022-08-01 00:00:00-04:00,47.644873464603826,49.308294599746176,47.43828359203878,48.996463775634766,20002000,0.0,0.0,LRCX
2022-08-02 00:00:00-04:00,48.37474482077978,49.62304563781998,47.707233776893645,48.981842041015625,14588000,0.0,0.0,LRCX
2022-08-03 00:00:00-04:00,49.341418532645186,51.532032853911936,49.1913504855562,51.12957763671875,22118000,0.0,0.0,LRCX
2022-08-04 00:00:00-04:00,50.9522262546591,51.87602770619672,50.848933183737756,51.82730484008789,16144000,0.0,0.0,LRCX
2022-08-05 00:00:00-04:00,50.77682459889363,51.46675113827088,49.586997031009005,50.66963577270508,10452000,0.0,0.0,LRCX
2022-08-08 00:00:00-04:00,50.068379215005926,50.92104233105084,48.588155064180484,49.65325164794922,10173000,0.0,0.0,LRCX
2022-08-09 00:00:00-04:00,47.559110364813755,47.6156284371998,44.53727073673752,45.74171829223633,28792000,0.0,0.0,LRCX
2022-08-10 00:00:00-04:00,46.89842076811784,48.29776359861816,45.85086244831265,48.23149871826172,19799000,0.0,0.0,LRCX
2022-08-11 00:00:00-04:00,48.33771609908169,50.45231885757713,47.94403000895417,48.47608947753906,18041000,0.0,0.0,LRCX
2022-08-12 00:00:00-04:00,48.91557722145398,50.62577688820534,48.671959183576085,50.535152435302734,12588000,0.0,0.0,LRCX
2022-08-15 00:00:00-04:00,50.31005438563623,50.92592085056413,49.618179943594214,50.408477783203125,9659000,0.0,0.0,LRCX
2022-08-16 00:00:00-04:00,50.31200399014577,50.65988907144491,49.44472427066359,49.7331657409668,12301000,0.0,0.0,LRCX
2022-08-17 00:00:00-04:00,48.94091744446459,49.12996529133678,47.34278361294212,48.48583984375,14021000,0.0,0.0,LRCX
2022-08-18 00:00:00-04:00,48.50532517194753,49.60063236956092,47.958645509966814,49.03056335449219,12763000,0.0,0.0,LRCX
2022-08-19 00:00:00-04:00,48.0093239473987,48.138931912367156,46.400472985705775,46.46186447143555,20104000,0.0,0.0,LRCX
2022-08-22 00:00:00-04:00,45.36264632364981,45.68032441453705,44.41838491627433,44.58891677856445,14652000,0.0,0.0,LRCX
2022-08-23 00:00:00-04:00,44.67564878338348,45.760235225218764,44.656158895204115,45.212581634521484,8103000,0.0,0.0,LRCX
2022-08-24 00:00:00-04:00,45.2077065704786,45.32464589525398,44.53727005449336,45.1190299987793,6849000,0.0,0.0,LRCX
2022-08-25 00:00:00-04:00,45.179449225434915,46.62459302354485,45.179449225434915,46.59828186035156,9490000,0.0,0.0,LRCX
2022-08-26 00:00:00-04:00,46.598287292628136,46.62947186083382,44.016908361481526,44.17380142211914,15863000,0.0,0.0,LRCX
2022-08-29 00:00:00-04:00,43.681692440162436,44.37551470597368,43.241231318821995,43.31918716430664,10082000,0.0,0.0,LRCX
2022-08-30 00:00:00-04:00,43.75477595843848,43.96915730856136,42.372975131893504,43.137935638427734,14187000,0.0,0.0,LRCX
2022-08-31 00:00:00-04:00,43.10479905120172,43.1915277501759,42.17515036869097,42.6731071472168,12324000,0.0,0.0,LRCX
2022-09-01 00:00:00-04:00,41.36536949682849,42.203412421717225,40.76996695481376,42.10109329223633,18830000,0.0,0.0,LRCX
2022-09-02 00:00:00-04:00,42.52889481190093,43.21004849032144,41.653816155605526,41.92277145385742,13680000,0.0,0.0,LRCX
2022-09-06 00:00:00-04:00,41.84188344522405,42.26772802752274,41.110055421470435,41.586570739746094,11633000,0.0,0.0,LRCX
2022-09-07 00:00:00-04:00,41.80485757879927,42.5776132958637,41.1266220638601,42.097198486328125,12013000,0.0,0.0,LRCX
2022-09-08 00:00:00-04:00,41.44820500693972,43.332832582808635,41.3186007566593,42.794925689697266,14205000,0.0,0.0,LRCX
2022-09-09 00:00:00-04:00,43.59788464192015,44.129944104197754,43.40396340969326,43.92725372314453,12933000,0.0,0.0,LRCX
2022-09-12 00:00:00-04:00,43.58716464347123,44.19036239540207,43.08141261907043,43.588138580322266,9988000,0.0,0.0,LRCX
2022-09-13 00:00:00-04:00,41.96670552187548,42.275829013430915,40.91019929355712,41.13323974609375,18942000,0.1725,0.0,LRCX
2022-09-14 00:00:00-04:00,41.47856069866451,41.73779498595687,40.559989593697104,41.258453369140625,10615000,0.0,0.0,LRCX
2022-09-15 00:00:00-04:00,40.9551926537912,41.31518672391878,39.88401354089504,40.444549560546875,11987000,0.0,0.0,LRCX
2022-09-16 00:00:00-04:00,39.93781850346983,40.486614588586164,39.442826175622194,40.03173065185547,18613000,0.0,0.0,LRCX
2022-09-19 00:00:00-04:00,39.44478159029891,40.486614588586164,39.44478159029891,40.03173065185547,9364000,0.0,0.0,LRCX
2022-09-20 00:00:00-04:00,39.46727935281059,39.64825221447111,39.0750023151631,39.46238708496094,8927000,0.0,0.0,LRCX
2022-09-21 00:00:00-04:00,39.609133249814896,40.92780681080657,38.977187204066425,38.99773025512695,10621000,0.0,0.0,LRCX
2022-09-22 00:00:00-04:00,38.58686565729837,38.80501382872855,37.742641413864625,37.8414421081543,15202000,0.0,0.0,LRCX
2022-09-23 00:00:00-04:00,37.41101278046131,37.55383641972884,36.5452678469795,37.22808074951172,14622000,0.0,0.0,LRCX
2022-09-26 00:00:00-04:00,37.239824047593814,37.69079347014274,36.30462075928962,36.3359260559082,11251000,0.0,0.0,LRCX
2022-09-27 00:00:00-04:00,37.15961017453914,37.334716844447826,36.130494647287875,36.85048294067383,11831000,0.0,0.0,LRCX
2022-09-28 00:00:00-04:00,36.5296157059165,37.5264481234524,36.41614193838283,37.334712982177734,10841000,0.0,0.0,LRCX
2022-09-29 00:00:00-04:00,36.6998326631503,36.72624569205518,35.63061250478445,36.248863220214844,15439000,0.0,0.0,LRCX
2022-09-30 00:00:00-04:00,35.04561926409185,36.53939943016884,35.02116165241526,35.80375671386719,19091000,0.0,0.0,LRCX
2022-10-03 00:00:00-04:00,36.4200472838804,38.81283282325875,36.265483706211654,38.120235443115234,25300000,0.0,0.0,LRCX
2022-10-04 00:00:00-04:00,39.401740456793846,39.961295059730666,38.8862050747515,39.1914176940918,20566000,0.0,0.0,LRCX
2022-10-05 00:00:00-04:00,38.34133248358464,39.59055169207923,37.663407962795354,39.120994567871094,14070000,0.0,0.0,LRCX
2022-10-06 00:00:00-04:00,38.99381250467796,39.85760201771003,38.66120915350078,38.8950080871582,13586000,0.0,0.0,LRCX
2022-10-07 00:00:00-04:00,37.82578786949009,38.02045984970024,36.369183054580525,36.66852569580078,20796000,0.0,0.0,LRCX
2022-10-10 00:00:00-04:00,36.1930999229481,36.225379193086304,33.301407221034275,34.308998107910156,39506000,0.0,0.0,LRCX
2022-10-11 00:00:00-04:00,33.778783560945705,34.262035867479774,31.529799519937036,31.99349021911621,53132000,0.0,0.0,LRCX
2022-10-12 00:00:00-04:00,32.160774075338935,32.37207455463228,31.612959400025684,31.693172454833984,36663000,0.0,0.0,LRCX
2022-10-13 00:00:00-04:00,29.588972659217216,33.72205765424515,29.307238029026465,33.31999969482422,45293000,0.0,0.0,LRCX
2022-10-14 00:00:00-04:00,33.31999626638361,33.35716780666735,30.746233742015118,30.8098201751709,30398000,0.0,0.0,LRCX
2022-10-17 00:00:00-04:00,31.989580929878663,32.202836816890525,30.59069067596176,30.85579490661621,51439000,0.0,0.0,LRCX
2022-10-18 00:00:00-04:00,31.994472463704664,32.462070326279,30.88318493032036,31.50535011291504,25077000,0.0,0.0,LRCX
2022-10-19 00:00:00-04:00,31.539589691419657,32.49631367177613,31.173725622169652,32.28990173339844,26915000,0.0,0.0,LRCX
2022-10-20 00:00:00-04:00,33.32097646688986,35.893761476341055,32.67729042785632,34.812801361083984,58751000,0.0,0.0,LRCX
2022-10-21 00:00:00-04:00,34.72475329089901,36.47483073843813,34.72475329089901,36.1255989074707,27665000,0.0,0.0,LRCX
2022-10-24 00:00:00-04:00,36.237118409869375,36.896455141507765,35.659953876384066,36.58243942260742,20117000,0.0,0.0,LRCX
2022-10-25 00:00:00-04:00,36.68613155112286,37.81013673799282,36.68613155112286,37.159603118896484,17499000,0.0,0.0,LRCX
2022-10-26 00:00:00-04:00,36.61081274771422,38.52817175720382,36.564834374029566,37.72112274169922,24178000,0.0,0.0,LRCX
2022-10-27 00:00:00-04:00,38.049806754071334,38.93022849971784,37.31905633201398,38.06447982788086,22885000,0.0,0.0,LRCX
2022-10-28 00:00:00-04:00,38.201435554311956,39.80967095503434,38.104590276575834,39.67662811279297,18155000,0.0,0.0,LRCX
2022-10-31 00:00:00-04:00,39.606196134368574,40.156947679664704,39.05055232026907,39.59739303588867,18772000,0.0,0.0,LRCX
2022-11-01 00:00:00-04:00,40.401506868310385,40.789869401747126,39.76271317483477,40.373138427734375,15682000,0.0,0.0,LRCX
2022-11-02 00:00:00-04:00,40.260636706406224,41.18899220037656,38.618166768668864,38.691532135009766,21731000,0.0,0.0,LRCX
2022-11-03 00:00:00-04:00,38.02437142809823,39.07794066887173,37.63503119171577,38.48610305786133,16563000,0.0,0.0,LRCX
2022-11-04 00:00:00-04:00,40.09336167653965,41.09606030628302,39.545543273115136,41.04127883911133,24227000,0.0,0.0,LRCX
2022-11-07 00:00:00-05:00,41.42866277661005,42.613319442050575,41.01193180580222,42.55071258544922,18842000,0.0,0.0,LRCX
2022-11-08 00:00:00-05:00,43.3362417759995,43.91829859770332,42.14180427678604,43.51819610595703,22260000,0.0,0.0,LRCX
2022-11-09 00:00:00-05:00,42.638755561848846,43.35580690171579,42.07724179319233,42.33256149291992,17040000,0.0,0.0,LRCX
2022-11-10 00:00:00-05:00,44.963063677967654,47.52117155312074,44.51404970585082,47.48497772216797,37191000,0.0,0.0,LRCX
2022-11-11 00:00:00-05:00,47.148461076162995,49.35734089709886,46.97139901436471,48.992454528808594,26080000,0.0,0.0,LRCX
2022-11-14 00:00:00-05:00,48.48669813716115,48.94842976378514,46.94302883686566,47.02422332763672,23472000,0.0,0.0,LRCX
2022-11-15 00:00:00-05:00,49.0178874026812,49.17636182106167,47.16606865158728,48.00638198852539,22206000,0.0,0.0,LRCX
2022-11-16 00:00:00-05:00,44.89850473738134,45.45317089922379,44.22840938127833,44.54731369018555,30079000,0.0,0.0,LRCX
2022-11-17 00:00:00-05:00,43.66102310475106,45.454146052418714,43.53189481739358,45.11273956298828,15369000,0.0,0.0,LRCX
2022-11-18 00:00:00-05:00,46.0469553403491,46.100759097271826,43.88796857553031,44.67643356323242,17363000,0.0,0.0,LRCX
2022-11-21 00:00:00-05:00,44.124702553993856,44.36339374300888,43.47417269258892,44.035682678222656,9349000,0.0,0.0,LRCX
2022-11-22 00:00:00-05:00,44.25676980802621,44.6461100363634,43.451672594655484,44.57078552246094,14115000,0.0,0.0,LRCX
2022-11-23 00:00:00-05:00,44.714595712187865,45.85425191467509,44.60894732304119,45.1362190246582,8235000,0.0,0.0,LRCX
2022-11-25 00:00:00-05:00,44.64121925445985,44.89556497601148,44.33894348144531,44.33894348144531,3789000,0.0,0.0,LRCX
2022-11-28 00:00:00-05:00,43.649281411138524,44.15209917264126,43.18657204420194,43.35874557495117,11824000,0.0,0.0,LRCX
2022-11-29 00:00:00-05:00,43.73145379271886,44.050361803990576,43.05059625316718,43.24331283569336,9030000,0.0,0.0,LRCX
2022-11-30 00:00:00-05:00,43.81362662648136,46.211304855877955,43.16798520354329,46.2103271484375,22328000,0.0,0.0,LRCX
2022-12-01 00:00:00-05:00,46.889227053254885,46.889227053254885,44.68035095271807,45.306427001953125,13779000,0.0,0.0,LRCX
2022-12-02 00:00:00-05:00,44.09340352636636,45.02175531203277,44.0601428179899,44.771324157714844,11022000,0.0,0.0,LRCX
2022-12-05 00:00:00-05:00,44.58253191485959,45.26241178459106,43.88699753031653,44.275360107421875,10886000,0.0,0.0,LRCX
2022-12-06 00:00:00-05:00,44.30177493739944,44.42210013313414,42.94299285017312,43.34505081176758,9253000,0.0,0.0,LRCX
2022-12-07 00:00:00-05:00,43.15918059812829,44.294922092043244,43.005598437767766,43.46146011352539,11129000,0.0,0.0,LRCX
2022-12-08 00:00:00-05:00,43.81264592731815,44.75665225027574,43.43993417402808,44.510135650634766,12370000,0.0,0.0,LRCX
2022-12-09 00:00:00-05:00,43.97111858818896,44.76838660790046,43.475148597055004,44.04057312011719,9542000,0.0,0.0,LRCX
2022-12-12 00:00:00-05:00,45.002186614414185,45.433594352085095,43.91829361192984,45.419898986816406,12138000,0.0,0.0,LRCX
2022-12-13 00:00:00-05:00,47.49769636914656,47.997577256466236,45.9814177548478,46.5585823059082,15369000,0.0,0.0,LRCX
2022-12-14 00:00:00-05:00,46.451951258970894,47.139656433339304,45.413055094680175,45.80533218383789,12108000,0.0,0.0,LRCX
2022-12-15 00:00:00-05:00,44.6099197377879,44.972846969867035,43.437002959812204,43.63558578491211,15531000,0.0,0.0,LRCX
2022-12-16 00:00:00-05:00,43.325482909797756,43.824386087399354,42.85983670988972,43.426239013671875,17715000,0.0,0.0,LRCX
2022-12-19 00:00:00-05:00,43.27069887619497,43.32156577880385,42.26995199480454,42.914615631103516,10645000,0.0,0.0,LRCX
2022-12-20 00:00:00-05:00,42.39712296252902,43.14939407791192,42.32375386798743,42.784507751464844,9097000,0.0,0.0,LRCX
2022-12-21 00:00:00-05:00,43.17189586239006,44.10025138342497,43.0505929799993,43.812644958496094,9464000,0.0,0.0,LRCX
2022-12-22 00:00:00-05:00,42.25039249697397,42.37854307610215,38.84219013615246,40.020973205566406,31757000,0.0,0.0,LRCX
2022-12-23 00:00:00-05:00,39.67956526936468,40.34966429103662,39.183595192829465,40.315425872802734,10546000,0.0,0.0,LRCX
2022-12-27 00:00:00-05:00,39.9123857481667,40.265532168769056,39.595436891651694,39.66391372680664,11120000,0.0,0.0,LRCX
2022-12-28 00:00:00-05:00,39.46533093974794,39.88793567494769,39.06033986628,39.40370178222656,8731000,0.0,0.0,LRCX
2022-12-29 00:00:00-05:00,40.07966346624452,41.337685438880854,39.9221667592997,41.14595031738281,12309000,0.0,0.0,LRCX
2022-12-30 00:00:00-05:00,40.360422938613475,41.14399573091969,40.19020855429774,41.11562728881836,7321000,0.0,0.0,LRCX
2023-01-03 00:00:00-05:00,42.03713206742574,42.07430360527849,39.840973724253814,40.52867889404297,13249000,0.0,0.0,LRCX
2023-01-04 00:00:00-05:00,41.24671032143007,41.89528478606377,40.74095575950384,41.32692337036133,10525000,0.0,0.0,LRCX
2023-01-05 00:00:00-05:00,40.657807312289904,41.534314491654186,40.362375496281324,40.798675537109375,9834000,0.0,0.0,LRCX
2023-01-06 00:00:00-05:00,41.98039976337432,43.76080504253554,41.12149868924849,43.55830764770508,14810000,0.0,0.0,LRCX
2023-01-09 00:00:00-05:00,44.13840665058611,45.33186656344868,43.49472434460498,44.258731842041016,14079000,0.0,0.0,LRCX
2023-01-10 00:00:00-05:00,43.83319191169756,44.88285040860346,43.74319431509531,44.863285064697266,10676000,0.0,0.0,LRCX
2023-01-11 00:00:00-05:00,43.79601303178694,45.434572059360406,43.587645699223486,45.419898986816406,15429000,0.0,0.0,LRCX
2023-01-12 00:00:00-05:00,45.97652252661468,46.51847091846605,44.353614204727805,45.981414794921875,14299000,0.0,0.0,LRCX
2023-01-13 00:00:00-05:00,45.22425209357496,46.44901338487844,45.22425209357496,46.336517333984375,12025000,0.0,0.0,LRCX
2023-01-17 00:00:00-05:00,45.968700076782106,46.336519564815674,45.330884082872224,46.07434844970703,9474000,0.0,0.0,LRCX
2023-01-18 00:00:00-05:00,46.67988443303614,47.29520200145946,45.637077345188835,45.67327117919922,11939000,0.0,0.0,LRCX
2023-01-19 00:00:00-05:00,45.22426149916729,45.465889602740496,44.378081746308006,44.40155792236328,10887000,0.0,0.0,LRCX
2023-01-20 00:00:00-05:00,44.91024284153652,46.23771956965461,44.68818009809946,46.222068786621094,12599000,0.0,0.0,LRCX
2023-01-23 00:00:00-05:00,46.44706483677817,48.79876478960452,46.21130672432437,48.01029968261719,16545000,0.0,0.0,LRCX
2023-01-24 00:00:00-05:00,47.46541210573274,48.102250375596874,47.33432841746208,47.689430236816406,9723000,0.0,0.0,LRCX
2023-01-25 00:00:00-05:00,46.19174030181158,48.069968419208706,45.68403029446782,47.77747344970703,17697000,0.0,0.0,LRCX
2023-01-26 00:00:00-05:00,47.42040995737101,48.781150921364954,46.36879989871816,48.69213104248047,24658000,0.0,0.0,LRCX
2023-01-27 00:00:00-05:00,47.73736092219025,48.7097356060627,47.20715249594954,47.23747634887695,17116000,0.0,0.0,LRCX
2023-01-30 00:00:00-05:00,46.599672557040364,47.32650849999452,46.31108838995112,46.82173156738281,15608000,0.0,0.0,LRCX
2023-01-31 00:00:00-05:00,47.0261855044928,48.93180831154314,46.955753247889504,48.92202377319336,18132000,0.0,0.0,LRCX
2023-02-01 00:00:00-05:00,48.78408593056517,52.241203194320285,48.76452058816119,51.872406005859375,24886000,0.0,0.0,LRCX
2023-02-02 00:00:00-05:00,52.73130267193486,53.690959756025556,51.832297029100204,52.92695236206055,20193000,0.0,0.0,LRCX
2023-02-03 00:00:00-05:00,51.77849761556287,52.82032698521501,51.502631118850914,51.77360534667969,12684000,0.0,0.0,LRCX
2023-02-06 00:00:00-05:00,51.05459300771401,51.84697261179966,50.69753575778525,50.96166229248047,10082000,0.0,0.0,LRCX
2023-02-07 00:00:00-05:00,51.05361527205129,52.49065856440459,50.55960062048514,52.16392517089844,12541000,0.0,0.0,LRCX
2023-02-08 00:00:00-05:00,51.74914682991514,52.16783320879807,50.33460207857827,50.66427230834961,11435000,0.0,0.0,LRCX
2023-02-09 00:00:00-05:00,51.650346186445375,52.140446286290505,50.12134985640405,50.43047332763672,10732000,0.0,0.0,LRCX
2023-02-10 00:00:00-05:00,49.98439408214602,50.26710451435065,48.75865129864888,49.40135955810547,10364000,0.0,0.0,LRCX
2023-02-13 00:00:00-05:00,49.719289422172295,49.98537136326956,49.13821031784263,49.91884994506836,8892000,0.0,0.0,LRCX
2023-02-14 00:00:00-05:00,49.196910722425216,50.95481753406507,48.82126581520255,50.49797439575195,9487000,0.0,0.0,LRCX
2023-02-15 00:00:00-05:00,49.568640434611666,50.932310850434,49.29864393208428,50.8970947265625,8541000,0.0,0.0,LRCX
2023-02-16 00:00:00-05:00,49.70950914485319,50.359065137785905,48.9455016725609,49.0423469543457,10906000,0.0,0.0,LRCX
2023-02-17 00:00:00-05:00,48.83691420447996,48.83691420447996,47.69041046303969,48.4876823425293,13841000,0.0,0.0,LRCX
2023-02-21 00:00:00-05:00,47.73833983756748,48.129639203889006,46.66814215336104,46.7884635925293,12458000,0.0,0.0,LRCX
2023-02-22 00:00:00-05:00,47.063353060112405,47.46736635938329,46.39912407367152,46.68574905395508,10418000,0.0,0.0,LRCX
2023-02-23 00:00:00-05:00,48.00540491233149,48.21963850557842,46.314997411121546,47.48204040527344,12271000,0.0,0.0,LRCX
2023-02-24 00:00:00-05:00,46.68771322108644,47.33041778848737,46.337499909421425,46.81977462768555,10353000,0.0,0.0,LRCX
2023-02-27 00:00:00-05:00,47.90757937936585,48.02398999626668,47.07020286455699,47.22085189819336,7905000,0.0,0.0,LRCX
2023-02-28 00:00:00-05:00,47.20617883842192,48.27246575784712,46.87944545241593,47.54367446899414,10899000,0.0,0.0,LRCX
2023-03-01 00:00:00-05:00,47.92910077036672,48.65985121512055,47.662041116299214,48.023990631103516,8566000,0.0,0.0,LRCX
2023-03-02 00:00:00-05:00,46.85792503555715,48.3340952592848,46.39619339396638,47.932037353515625,8731000,0.0,0.0,LRCX
2023-03-03 00:00:00-05:00,47.82833839233072,48.2470284988775,46.96259347131135,48.095401763916016,16844000,0.0,0.0,LRCX
2023-03-06 00:00:00-05:00,48.3996442540956,48.85452826193945,47.22770509415439,47.46639633178711,9731000,0.0,0.0,LRCX
2023-03-07 00:00:00-05:00,47.61801977833983,47.862580975616844,46.634886452115786,46.922489166259766,9382000,0.0,0.0,LRCX
2023-03-08 00:00:00-05:00,47.160198663341134,48.470069011032415,47.12400483322681,48.26659393310547,10541000,0.0,0.0,LRCX
2023-03-09 00:00:00-05:00,48.07584284715212,49.28495352249874,47.76378250606639,47.961387634277344,13287000,0.0,0.0,LRCX
2023-03-10 00:00:00-05:00,48.36833933468026,48.526813778779854,46.32282971045234,46.8403205871582,11804000,0.0,0.0,LRCX
2023-03-13 00:00:00-04:00,45.88652231726698,47.31475858130251,45.68695808418337,46.662269592285156,9427000,0.0,0.0,LRCX
2023-03-14 00:00:00-04:00,47.63080866456484,49.06030362587676,47.58073840152446,48.498714447021484,13106000,0.1725,0.0,LRCX
2023-03-15 00:00:00-04:00,47.743727460193995,48.008808907745426,46.53611588900536,47.81834411621094,12145000,0.0,0.0,LRCX
2023-03-16 00:00:00-04:00,47.41481631385939,50.652777225570276,47.17133376993632,50.58110809326172,17754000,0.0,0.0,LRCX
2023-03-17 00:00:00-04:00,50.58111011230853,51.04353633092074,49.46382664639457,49.91054153442383,17026000,0.0,0.0,LRCX
2023-03-20 00:00:00-04:00,50.12064916824423,50.61743809793444,49.65331664423846,50.394569396972656,7553000,0.0,0.0,LRCX
2023-03-21 00:00:00-04:00,50.75292267764374,51.20749509594909,48.90322157953929,49.81236267089844,10286000,0.0,0.0,LRCX
2023-03-22 00:00:00-04:00,49.77603802586694,51.544249959935506,49.66214866974194,49.70829391479492,12139000,0.0,0.0,LRCX
2023-03-23 00:00:00-04:00,50.502561608634025,52.28648477444778,50.398492307983894,51.40581512451172,15379000,0.0,0.0,LRCX
2023-03-24 00:00:00-04:00,50.56244908329801,50.79906281769964,48.96997576800757,49.29200744628906,13960000,0.0,0.0,LRCX
2023-03-27 00:00:00-04:00,49.900724135666,50.05191994060659,48.56744454705047,48.674461364746094,11071000,0.0,0.0,LRCX
2023-03-28 00:00:00-04:00,48.638133982473114,48.75103833052224,47.005406625124756,47.62491989135742,14636000,0.0,0.0,LRCX
2023-03-29 00:00:00-04:00,48.55370315959214,51.1672447543223,48.32985694815632,50.63609313964844,20722000,0.0,0.0,LRCX
2023-03-30 00:00:00-04:00,51.407785403808184,52.306129030837596,51.2457882752779,52.168678283691406,20558000,0.0,0.0,LRCX
2023-03-31 00:00:00-04:00,51.80344591323608,52.33852254124817,51.582543474107595,52.046932220458984,11637000,0.0,0.0,LRCX
2023-04-03 00:00:00-04:00,51.45490553059531,51.66304413754242,50.525146845335655,51.201602935791016,11100000,0.0,0.0,LRCX
2023-04-04 00:00:00-04:00,51.34788926476245,51.45686859412306,49.211504154083926,49.51095199584961,12698000,0.0,0.0,LRCX
2023-04-05 00:00:00-04:00,49.0799492085778,49.0799492085778,47.760414573770795,48.44963455200195,16073000,0.0,0.0,LRCX
2023-04-06 00:00:00-04:00,47.7191791609429,48.735337153231086,47.17035369707226,48.480072021484375,9652000,0.0,0.0,LRCX
2023-04-10 00:00:00-04:00,47.73684442236225,50.21293111068569,47.721133093589536,49.822174072265625,13389000,0.0,0.0,LRCX
2023-04-11 00:00:00-04:00,50.101007602585675,50.24434961117026,49.64447268709865,49.82708740234375,9080000,0.0,0.0,LRCX
2023-04-12 00:00:00-04:00,50.39947711726544,50.43187728941069,48.708825573116414,48.80209732055664,9728000,0.0,0.0,LRCX
2023-04-13 00:00:00-04:00,49.039687913755145,49.29397175252657,48.15705202428484,48.92776107788086,12971000,0.0,0.0,LRCX
2023-04-14 00:00:00-04:00,48.80406035800036,49.66509372482617,48.3622517406989,49.17223358154297,9245000,0.0,0.0,LRCX
2023-04-17 00:00:00-04:00,48.10698770302149,48.60181036933464,47.431512816684,48.36912536621094,12478000,0.0,0.0,LRCX
2023-04-18 00:00:00-04:00,48.575302483672864,49.1329592078022,48.02058578203184,48.635189056396484,8993000,0.0,0.0,LRCX
2023-04-19 00:00:00-04:00,47.71328442277799,48.49184732523586,47.39518147819333,48.20811080932617,17221000,0.0,0.0,LRCX
2023-04-20 00:00:00-04:00,50.165812051178136,52.67331802349489,49.88600054749823,51.693485260009766,40480000,0.0,0.0,LRCX
2023-04-21 00:00:00-04:00,51.46472330517962,51.47846837858302,50.44758412807663,50.777469635009766,14387000,0.0,0.0,LRCX
2023-04-24 00:00:00-04:00,50.598783691021794,50.86485013029295,49.71615141467833,50.5015869140625,10247000,0.0,0.0,LRCX
2023-04-25 00:00:00-04:00,50.223733551356524,50.7215037006178,49.03674348352206,49.06227111816406,13711000,0.0,0.0,LRCX
2023-04-26 00:00:00-04:00,49.40884870476306,49.84672856504668,48.61457442776377,48.83449935913086,12949000,0.0,0.0,LRCX
2023-04-27 00:00:00-04:00,49.438299769134325,51.005245660129205,48.44374069334839,50.944374084472656,19831000,0.0,0.0,LRCX
2023-04-28 00:00:00-04:00,50.98070234114944,51.4922176114101,50.31897250723886,51.45392990112305,11458000,0.0,0.0,LRCX
2023-05-01 00:00:00-04:00,51.43331109338212,52.181436380981644,51.185896012636846,51.42938232421875,8383000,0.0,0.0,LRCX
2023-05-02 00:00:00-04:00,51.4215262794765,51.710172824912824,50.49078255369453,51.23793029785156,9466000,0.0,0.0,LRCX
2023-05-03 00:00:00-04:00,51.29978289390377,51.74061024802057,50.36707666052665,50.51827621459961,13628000,0.0,0.0,LRCX
2023-05-04 00:00:00-04:00,50.56834492251757,50.62626898263728,49.795673315695055,50.29147720336914,7802000,0.0,0.0,LRCX
2023-05-05 00:00:00-04:00,50.95517337009541,52.142163430459576,50.7116870771228,52.0115852355957,14018000,0.0,0.0,LRCX
2023-05-08 00:00:00-04:00,52.03514519441856,52.184378483123545,51.368505419878275,51.71998977661133,7957000,0.0,0.0,LRCX
2023-05-09 00:00:00-04:00,51.0121183981856,51.045499826596775,50.27773446364308,50.63805389404297,10002000,0.0,0.0,LRCX
2023-05-10 00:00:00-04:00,51.45784604230553,52.17946607495792,51.05825769438597,51.770057678222656,10968000,0.0,0.0,LRCX
2023-05-11 00:00:00-04:00,51.88198798498457,52.11565422702157,51.11815142895055,51.78773498535156,7162000,0.0,0.0,LRCX
2023-05-12 00:00:00-04:00,52.03514877030109,52.37877561313636,51.189822991674625,51.75042724609375,9168000,0.0,0.0,LRCX
2023-05-15 00:00:00-04:00,52.03514802733939,54.24320607445725,52.03023800243994,54.22160720825195,17454000,0.0,0.0,LRCX
2023-05-16 00:00:00-04:00,54.031136180458404,55.3919021406843,53.9290293897534,54.87548065185547,17385000,0.0,0.0,LRCX
2023-05-17 00:00:00-04:00,55.423325964459245,56.969654290765845,54.99133738640529,56.365848541259766,16672000,0.0,0.0,LRCX
2023-05-18 00:00:00-04:00,56.35504759060675,58.93618508799687,56.35504759060675,58.78400802612305,19223000,0.0,0.0,LRCX
2023-05-19 00:00:00-04:00,58.442343708087165,58.48456018380819,57.75901506824928,57.813995361328125,12253000,0.0,0.0,LRCX
2023-05-22 00:00:00-04:00,57.41538945302888,58.090864358693786,57.114960326956314,57.441898345947266,10423000,0.0,0.0,LRCX
2023-05-23 00:00:00-04:00,56.95492841912399,57.08845039202361,56.17047418811378,56.30497741699219,10667000,0.0,0.0,LRCX
2023-05-24 00:00:00-04:00,55.32808665972118,55.87789331871028,54.92260701083966,55.556846618652344,13255000,0.0,0.0,LRCX
2023-05-25 00:00:00-04:00,57.5332006365079,59.57435531548781,56.93725244280083,59.1138916015625,20554000,0.0,0.0,LRCX
2023-05-26 00:00:00-04:00,59.3986148808591,62.14862219218316,58.905754725273574,61.68128967285156,21989000,0.0,0.0,LRCX
2023-05-30 00:00:00-04:00,62.83489080764875,63.2865156864684,60.79275505867952,61.84916687011719,13656000,0.0,0.0,LRCX
2023-05-31 00:00:00-04:00,60.713239580915605,61.885503395973494,60.27143095170378,60.54731369018555,26891000,0.0,0.0,LRCX
2023-06-01 00:00:00-04:00,60.547310053688086,61.40932839317741,59.36621126055881,60.85755920410156,14556000,0.0,0.0,LRCX
2023-06-02 00:00:00-04:00,60.87130800284528,61.066686553995225,59.66861027024463,60.24983215332031,11814000,0.0,0.0,LRCX
2023-06-05 00:00:00-04:00,60.04365435897443,60.27241058784227,59.20421611340613,59.45850372314453,10441000,0.0,0.0,LRCX
2023-06-06 00:00:00-04:00,58.520883449108574,60.45109241444628,58.2970335152754,60.10550308227539,11062000,0.0,0.0,LRCX
2023-06-07 00:00:00-04:00,60.17619603474758,60.99206916964937,59.65093571051915,59.96609115600586,12027000,0.0,0.0,LRCX
2023-06-08 00:00:00-04:00,60.07997811080149,60.49724033843548,59.349522962148356,60.335243225097656,9108000,0.0,0.0,LRCX
2023-06-09 00:00:00-04:00,60.70047288605873,60.98028438042349,59.473228832660396,59.554718017578125,10669000,0.0,0.0,LRCX
2023-06-12 00:00:00-04:00,60.15066292151486,61.71073616624216,59.619511364626376,61.610591888427734,15094000,0.0,0.0,LRCX
2023-06-13 00:00:00-04:00,61.53134306686678,61.99701185057242,60.63544686203621,61.58450698852539,11759000,0.1725,0.0,LRCX
2023-06-14 00:00:00-04:00,61.03908934068094,62.09447350335855,60.35486113964672,62.02654266357422,11219000,0.0,0.0,LRCX
2023-06-15 00:00:00-04:00,60.81265538236012,61.54413999414742,60.686637062836766,61.13753890991211,18624000,0.0,0.0,LRCX
2023-06-16 00:00:00-04:00,61.39548134634613,61.43190666959271,60.09101612294263,60.31548309326172,26787000,0.0,0.0,LRCX
2023-06-20 00:00:00-04:00,60.13433763572005,60.90913908764276,59.85375485726562,60.47595977783203,9811000,0.0,0.0,LRCX
2023-06-21 00:00:00-04:00,59.98469189441757,60.62560332336623,59.29750802432371,59.6411018371582,8987000,0.0,0.0,LRCX
2023-06-22 00:00:00-04:00,59.178382753718665,61.4801483753877,58.91453483287383,61.02629089355469,11735000,0.0,0.0,LRCX
2023-06-23 00:00:00-04:00,60.00536477598035,60.18749514262726,59.20496535889667,59.93251037597656,10806000,0.0,0.0,LRCX
2023-06-26 00:00:00-04:00,60.463153280636405,62.35930165056888,60.41786480496548,61.07157516479492,13440000,0.0,0.0,LRCX
2023-06-27 00:00:00-04:00,61.407287000143626,64.01523308766258,61.236967938170935,63.909889221191406,13355000,0.0,0.0,LRCX
2023-06-28 00:00:00-04:00,63.00711352368713,63.96011328152856,62.61134349073877,63.222721099853516,11806000,0.0,0.0,LRCX
2023-06-29 00:00:00-04:00,63.75829085664387,63.785856780061756,62.61429752365076,63.04354476928711,14023000,0.0,0.0,LRCX
2023-06-30 00:00:00-04:00,63.43438255324903,63.88134856874916,62.900782931235746,63.28966522216797,10867000,0.0,0.0,LRCX
2023-07-03 00:00:00-04:00,63.289669273757966,64.0920329239222,62.89487943791308,64.0900650024414,6219000,0.0,0.0,LRCX
2023-07-05 00:00:00-04:00,63.40878554266623,63.60667430916592,61.875917495202124,61.88379669189453,11052000,0.0,0.0,LRCX
2023-07-06 00:00:00-04:00,60.7870573830792,61.30884195292862,60.218016412855405,61.13753890991211,12975000,0.0,0.0,LRCX
2023-07-07 00:00:00-04:00,61.223197411604126,61.96058960434002,60.737838123344574,60.82939529418945,7288000,0.0,0.0,LRCX
2023-07-10 00:00:00-04:00,61.039093049707155,62.051160472352926,60.80281103706166,61.79125213623047,12882000,0.0,0.0,LRCX
2023-07-11 00:00:00-04:00,61.88083887539664,62.03737499826257,59.883286072173135,60.981990814208984,12028000,0.0,0.0,LRCX
2023-07-12 00:00:00-04:00,61.92121140187177,61.92515100056318,60.821522564098416,61.295066833496094,13032000,0.0,0.0,LRCX
2023-07-13 00:00:00-04:00,61.7282485745922,63.21287635650077,61.7282485745922,62.840736389160156,10887000,0.0,0.0,LRCX
2023-07-14 00:00:00-04:00,63.21681074902673,63.714972793382735,62.606420847279686,62.866329193115234,9191000,0.0,0.0,LRCX
2023-07-17 00:00:00-04:00,62.515844571048135,65.35416554945037,62.515844571048135,64.98399353027344,13834000,0.0,0.0,LRCX
2023-07-18 00:00:00-04:00,64.41002912724066,65.07456312733447,63.86263902715549,64.577392578125,10231000,0.0,0.0,LRCX
2023-07-19 00:00:00-04:00,64.23380454846088,64.40707176895182,62.83285479568264,63.01892852783203,9326000,0.0,0.0,LRCX
2023-07-20 00:00:00-04:00,61.99405615035788,62.01079099214372,60.31154356969706,60.59803009033203,16720000,0.0,0.0,LRCX
2023-07-21 00:00:00-04:00,60.991832091237555,61.72331668173773,60.84120349304488,61.396461486816406,25742000,0.0,0.0,LRCX
2023-07-24 00:00:00-04:00,61.97338841865327,63.263086781510815,61.925148053750476,62.912601470947266,11475000,0.0,0.0,LRCX
2023-07-25 00:00:00-04:00,62.91260687285417,64.4238204641903,62.81612613476439,64.0162353515625,9087000,0.0,0.0,LRCX
2023-07-26 00:00:00-04:00,63.206967100035236,63.829168246389145,62.234276909030505,63.24142074584961,13614000,0.0,0.0,LRCX
2023-07-27 00:00:00-04:00,66.45385479793218,70.48440589670781,66.28845925817224,69.10708618164062,33900000,0.0,0.0,LRCX
2023-07-28 00:00:00-04:00,69.9281500258558,71.28479134712485,69.46641712174171,71.00814819335938,18500000,0.0,0.0,LRCX
2023-07-31 00:00:00-04:00,71.0278523311868,71.52699083028855,70.26584609017628,70.7354507446289,11332000,0.0,0.0,LRCX
2023-08-01 00:00:00-04:00,69.78638569426396,70.83389064488595,69.74602077525749,70.48045349121094,9528000,0.0,0.0,LRCX
2023-08-02 00:00:00-04:00,69.42704238136228,69.6288669912659,67.30052305003143,67.52498626708984,14973000,0.0,0.0,LRCX
2023-08-03 00:00:00-04:00,67.06524002820915,68.42384962075064,66.70195566931253,68.26140594482422,12155000,0.0,0.0,LRCX
2023-08-04 00:00:00-04:00,68.26138980030936,69.17402455000334,67.58897664467578,67.97588348388672,6652000,0.0,0.0,LRCX
2023-08-07 00:00:00-04:00,68.71820924882559,69.56093780471795,68.05169979549204,69.44280242919922,6848000,0.0,0.0,LRCX
2023-08-08 00:00:00-04:00,68.48291189492207,68.7605465699982,67.60375420172518,68.52130889892578,8094000,0.0,0.0,LRCX
2023-08-09 00:00:00-04:00,68.59711707771946,68.91018935477086,67.50628766739771,67.54173278808594,8139000,0.0,0.0,LRCX
2023-08-10 00:00:00-04:00,68.09108380561318,69.01159036643621,67.0327401152642,67.57520294189453,9376000,0.0,0.0,LRCX
2023-08-11 00:00:00-04:00,66.04134989421215,66.20674543393434,64.13043051836004,64.1865463256836,16035000,0.0,0.0,LRCX
2023-08-14 00:00:00-04:00,64.0910409689803,65.6918397378271,63.69723889857086,65.6859359741211,13017000,0.0,0.0,LRCX
2023-08-15 00:00:00-04:00,65.09523094893186,65.54908462204996,64.45037626539207,64.5665512084961,6713000,0.0,0.0,LRCX
2023-08-16 00:00:00-04:00,64.92393195930536,64.96429687940176,63.56827454052636,63.627342224121094,8088000,0.0,0.0,LRCX
2023-08-17 00:00:00-04:00,64.01031815302609,64.89932291303198,63.672639356530844,63.850833892822266,8914000,0.0,0.0,LRCX
2023-08-18 00:00:00-04:00,63.26702409346468,64.65516738424873,62.955919738415545,64.28204345703125,9336000,0.0,0.0,LRCX
2023-08-21 00:00:00-04:00,64.48484614955797,66.18409364017609,64.35883158407107,65.88677978515625,9083000,0.0,0.0,LRCX
2023-08-22 00:00:00-04:00,66.69012258019279,67.00024292405065,65.38566123263917,65.64852142333984,6273000,0.0,0.0,LRCX
2023-08-23 00:00:00-04:00,65.61111155552895,67.1134617224624,65.45457919072368,66.758056640625,8713000,0.0,0.0,LRCX
2023-08-24 00:00:00-04:00,67.99558163345424,68.099934044136,64.27416721057196,64.57640838623047,11349000,0.0,0.0,LRCX
2023-08-25 00:00:00-04:00,64.85502430040019,65.60324758998357,63.64901139024233,65.0036849975586,7601000,0.0,0.0,LRCX
2023-08-28 00:00:00-04:00,65.93796692871881,66.43021765264791,65.13953919887658,65.59930419921875,6092000,0.0,0.0,LRCX
2023-08-29 00:00:00-04:00,65.29017215409637,68.09599996536895,65.15824630736111,67.40389251708984,10398000,0.0,0.0,LRCX
2023-08-30 00:00:00-04:00,67.31529033050671,67.85775312282377,66.18803941342487,67.58898162841797,9026000,0.0,0.0,LRCX
2023-08-31 00:00:00-04:00,67.01108756952235,69.34829490178998,67.01108756952235,69.1513900756836,16816000,0.0,0.0,LRCX
2023-09-01 00:00:00-04:00,69.8287277357215,70.08765212562497,68.72805121065583,69.10807037353516,6454000,0.0,0.0,LRCX
2023-09-05 00:00:00-04:00,68.74280498754212,69.6505198753285,68.44253176998106,68.99090576171875,5199000,0.0,0.0,LRCX
2023-09-06 00:00:00-04:00,68.63551410147474,69.74701419917163,67.70811231026893,68.54493713378906,9013000,0.0,0.0,LRCX
2023-09-07 00:00:00-04:00,67.04455177286263,67.10461093214992,65.46935084865883,66.6212158203125,12039000,0.0,0.0,LRCX
2023-09-08 00:00:00-04:00,66.30617898824654,66.99139123714421,65.61801485705854,65.8513412475586,9023000,0.0,0.0,LRCX
2023-09-11 00:00:00-04:00,66.31798363467642,66.49027438623693,64.0949762616447,65.33938598632812,9529000,0.0,0.0,LRCX
2023-09-12 00:00:00-04:00,64.40510035472391,65.42307902007903,64.17866922304142,64.25840759277344,8924000,0.0,0.0,LRCX
2023-09-13 00:00:00-04:00,64.73196112121586,65.67609775074732,64.27417150406455,64.84517669677734,8777000,0.0,0.0,LRCX
2023-09-14 00:00:00-04:00,65.68988068073301,65.71547868254602,64.09104961737653,64.6256332397461,10359000,0.0,0.0,LRCX
2023-09-15 00:00:00-04:00,63.69527434501002,63.78880318668163,60.81954788731368,61.345272064208984,31613000,0.0,0.0,LRCX
2023-09-18 00:00:00-04:00,61.11489683267445,62.6625317465214,60.86286394802945,62.579833984375,12598000,0.0,0.0,LRCX
2023-09-19 00:00:00-04:00,62.57983402899164,62.68911375127373,61.209409677502784,61.54610824584961,10945000,0.0,0.0,LRCX
2023-09-20 00:00:00-04:00,61.77746853488162,62.29334560341151,60.77327656380496,60.92686080932617,8468000,0.0,0.0,LRCX
2023-09-21 00:00:00-04:00,60.078216383717695,60.85498949074364,59.95515369916682,60.092987060546875,11694000,0.0,0.0,LRCX
2023-09-22 00:00:00-04:00,61.03613886068981,61.91923604259477,60.59606433294099,60.95146942138672,12743000,0.0,0.0,LRCX
2023-09-25 00:00:00-04:00,60.575394796677315,61.33542935716767,60.41196717995441,61.0971794128418,7635000,0.0,0.0,LRCX
2023-09-26 00:00:00-04:00,60.24558512423452,60.59803458870038,59.41663579133922,59.660789489746094,10590000,0.0,0.0,LRCX
2023-09-27 00:00:00-04:00,60.25050779825356,60.81462522748213,59.32901359516498,60.440513610839844,11951000,0.0,0.0,LRCX
2023-09-28 00:00:00-04:00,60.15008549834724,62.075771605625256,59.821262373010654,61.77943420410156,11734000,0.0,0.0,LRCX
2023-09-29 00:00:00-04:00,62.66352019097277,62.74818587541846,61.538233476274996,61.705596923828125,7707000,0.0,0.0,LRCX
2023-10-02 00:00:00-04:00,61.752852727274984,63.106542238085176,61.33640827818605,62.1102294921875,9882000,0.0,0.0,LRCX
2023-10-03 00:00:00-04:00,62.03146656363927,62.712742886507336,60.34009455091722,60.85301971435547,10197000,0.0,0.0,LRCX
2023-10-04 00:00:00-04:00,61.47226776856167,62.417391993005936,61.23795745038081,62.25790023803711,9588000,0.0,0.0,LRCX
2023-10-05 00:00:00-04:00,62.31697488991054,62.40558017316062,61.06764152275696,61.61305618286133,7537000,0.0,0.0,LRCX
2023-10-06 00:00:00-04:00,61.10505204065483,62.22836703909939,59.97779744409667,61.837520599365234,10649000,0.0,0.0,LRCX
2023-10-09 00:00:00-04:00,61.16116920372983,62.10924534094764,60.523213429786786,61.796173095703125,6921000,0.0,0.0,LRCX
2023-10-10 00:00:00-04:00,62.36423026368876,63.29851968733254,61.85425697417293,62.454803466796875,6741000,0.0,0.0,LRCX
2023-10-11 00:00:00-04:00,63.10162308842129,63.32805422087643,62.412471306482566,63.178409576416016,6615000,0.0,0.0,LRCX
2023-10-12 00:00:00-04:00,63.534806772431374,65.46934858000729,63.52102381176689,64.48091125488281,13285000,0.0,0.0,LRCX
2023-10-13 00:00:00-04:00,65.07555100857408,65.40930148091152,63.204996559739875,63.51216506958008,12292000,0.0,0.0,LRCX
2023-10-16 00:00:00-04:00,63.777969782028364,64.5468711725712,63.41370905762459,64.06150817871094,9990000,0.0,0.0,LRCX
2023-10-17 00:00:00-04:00,62.82497872600805,64.33126859436865,61.6750816801392,63.98767852783203,10340000,0.0,0.0,LRCX
2023-10-18 00:00:00-04:00,62.8111978065416,63.51511656129008,61.65736112475324,63.2286262512207,13346000,0.0,0.0,LRCX
2023-10-19 00:00:00-04:00,61.72331957080931,62.26971818896082,59.090762841401656,59.26206588745117,25078000,0.0,0.0,LRCX
2023-10-20 00:00:00-04:00,59.434352684329255,59.878363057551624,58.914536028417714,59.10454559326172,13013000,0.0,0.0,LRCX
2023-10-23 00:00:00-04:00,58.705824314991965,59.787790480288045,58.02553192941889,59.02873992919922,8106000,0.0,0.0,LRCX
2023-10-24 00:00:00-04:00,59.58400140707997,60.18651586716911,58.96573606408957,59.46586227416992,9659000,0.0,0.0,LRCX
2023-10-25 00:00:00-04:00,58.74422122383612,58.92635536103918,57.20642954545605,57.42991256713867,11332000,0.0,0.0,LRCX
2023-10-26 00:00:00-04:00,57.9969789431004,59.52098748334256,57.447628468524414,57.60613250732422,11976000,0.0,0.0,LRCX
2023-10-27 00:00:00-04:00,57.5244226111145,58.4350857422067,57.17787691338917,57.496856689453125,9497000,0.0,0.0,LRCX
2023-10-30 00:00:00-04:00,57.33834778284782,58.417361990156024,56.82443867730382,57.445655822753906,8657000,0.0,0.0,LRCX
2023-10-31 00:00:00-04:00,57.7242732064838,58.16237605325715,56.55173386707281,57.910343170166016,8179000,0.0,0.0,LRCX
2023-11-01 00:00:00-04:00,58.36813986656972,59.822249770448344,57.964494397173866,59.72576904296875,10439000,0.0,0.0,LRCX
2023-11-02 00:00:00-04:00,61.28521689725833,62.16240657091221,60.86188096202002,61.36200714111328,13560000,0.0,0.0,LRCX
2023-11-03 00:00:00-04:00,61.944826844275504,62.95000644818662,61.71740801029516,62.42526626586914,9832000,0.0,0.0,LRCX
2023-11-06 00:00:00-05:00,62.42526715135269,62.966742182804325,61.83850364235387,62.9145622253418,6929000,0.0,0.0,LRCX
2023-11-07 00:00:00-05:00,63.00809446809999,63.7061056540942,62.68222321764956,63.13214111328125,8192000,0.0,0.0,LRCX
2023-11-08 00:00:00-05:00,63.460974625057396,63.90597279010413,63.114432632640124,63.75436019897461,7304000,0.0,0.0,LRCX
2023-11-09 00:00:00-05:00,63.99259810528766,65.813924395285,63.84590533736724,64.01819610595703,12196000,0.0,0.0,LRCX
2023-11-10 00:00:00-05:00,65.0834310968789,67.72091162895381,64.61776227757773,67.4806900024414,13734000,0.0,0.0,LRCX
2023-11-13 00:00:00-05:00,66.94610878573867,66.94709274653559,66.01575507438291,66.2992935180664,8158000,0.0,0.0,LRCX
2023-11-14 00:00:00-05:00,68.02905510506496,68.53902468093337,67.33104387175689,68.41497802734375,9555000,0.0,0.0,LRCX
2023-11-15 00:00:00-05:00,68.73789260708133,68.87178636985064,68.08123030425928,68.70835876464844,6295000,0.0,0.0,LRCX
2023-11-16 00:00:00-05:00,68.81665435202854,69.53927957371981,68.50555002430569,68.95841979980469,10047000,0.0,0.0,LRCX
2023-11-17 00:00:00-05:00,68.08417961246802,69.0686810491482,67.7337018480566,68.94857025146484,10265000,0.0,0.0,LRCX
2023-11-20 00:00:00-05:00,68.65224868391714,70.98256068213502,68.65224868391714,70.80043029785156,10264000,0.0,0.0,LRCX
2023-11-21 00:00:00-05:00,70.49325401530666,70.49325401530666,69.25770740280275,69.64067840576172,8709000,0.0,0.0,LRCX
2023-11-22 00:00:00-05:00,70.3918589239434,71.69435251656267,70.23433507484526,70.63404846191406,7819000,0.0,0.0,LRCX
2023-11-24 00:00:00-05:00,70.53756865662545,71.09380691705226,70.3918598454173,70.63798522949219,3006000,0.0,0.0,LRCX
2023-11-27 00:00:00-05:00,70.39185649156425,71.96607341167564,69.96655262930632,71.12531280517578,6819000,0.0,0.0,LRCX
2023-11-28 00:00:00-05:00,70.12898942127384,70.6310797237564,69.35713618288393,69.93799591064453,9053000,0.0,0.0,LRCX
2023-11-29 00:00:00-05:00,70.88411044183788,71.42262989660722,70.19988217621338,70.29242706298828,8125000,0.0,0.0,LRCX
2023-11-30 00:00:00-05:00,70.76597570942059,70.76597570942059,69.54224388726252,70.4824447631836,12922000,0.0,0.0,LRCX
2023-12-01 00:00:00-05:00,70.10438097462358,71.13909448500125,69.71451472640277,71.08888244628906,6919000,0.0,0.0,LRCX
2023-12-04 00:00:00-05:00,70.45093230743846,70.54446116150807,69.11693684161192,69.905517578125,9036000,0.0,0.0,LRCX
2023-12-05 00:00:00-05:00,68.5547676364777,68.91017267347921,67.6529640658271,68.6335220336914,12201000,0.0,0.0,LRCX
2023-12-06 00:00:00-05:00,69.80017574656179,69.8976404362248,68.27222745510012,68.4100570678711,6348000,0.0,0.0,LRCX
2023-12-07 00:00:00-05:00,69.22620623071013,69.93110512692759,68.64042666270895,69.70565795898438,9009000,0.0,0.0,LRCX
2023-12-08 00:00:00-05:00,68.86195109628976,70.01480017703574,68.81863428586098,69.22720336914062,7944000,0.0,0.0,LRCX
2023-12-11 00:00:00-05:00,69.92323050326074,72.65522343060238,69.7420765946165,72.41893768310547,15849000,0.0,0.0,LRCX
2023-12-12 00:00:00-05:00,72.16395922798694,72.73496436002654,71.58408342783011,71.99068450927734,12019000,0.0,0.0,LRCX
2023-12-13 00:00:00-05:00,72.15902968891984,72.91118871280061,71.03079490867354,72.3263931274414,8889000,0.0,0.0,LRCX
2023-12-14 00:00:00-05:00,72.8885600098482,75.93263412340426,72.73300407758572,75.53194427490234,17234000,0.0,0.0,LRCX
2023-12-15 00:00:00-05:00,75.74065475439417,76.75961744153228,75.56738753290736,76.15119171142578,17817000,0.0,0.0,LRCX
2023-12-18 00:00:00-05:00,76.35793420740974,76.69266862439582,74.57697285035478,75.79873657226562,8841000,0.0,0.0,LRCX
2023-12-19 00:00:00-05:00,76.02517406092231,76.97226250986328,75.68158400288203,76.89054870605469,8906000,0.0,0.0,LRCX
2023-12-20 00:00:00-05:00,76.00843181210082,76.84033669056326,74.27275537637637,74.32295989990234,11409000,0.0,0.0,LRCX
2023-12-21 00:00:00-05:00,76.64343291936807,76.71727503147365,75.1666808110521,76.48788452148438,9349000,0.0,0.0,LRCX
2023-12-22 00:00:00-05:00,76.487889445435,77.19476378351048,76.16300215801478,76.79013061523438,5251000,0.0,0.0,LRCX
2023-12-26 00:00:00-05:00,77.09041433600852,78.74732921132423,77.09041433600852,78.33777618408203,6941000,0.0,0.0,LRCX
2023-12-27 00:00:00-05:00,78.66166839252003,78.88711556209601,77.80514941573313,78.26097106933594,7623000,0.0,0.0,LRCX
2023-12-28 00:00:00-05:00,78.54352924637509,78.634106209465,77.67815458251282,77.74313354492188,6007000,0.0,0.0,LRCX
2023-12-29 00:00:00-05:00,77.53047668668174,77.78448125710224,76.59421931026321,77.112060546875,5191000,0.0,0.0,LRCX
2024-01-02 00:00:00-05:00,75.68354698624663,75.74557406114543,73.05689790752116,73.76869201660156,11136000,0.0,0.0,LRCX
2024-01-03 00:00:00-05:00,72.06550975766461,73.14846746109795,71.83514276665129,72.55087280273438,9224000,0.0,0.0,LRCX
2024-01-04 00:00:00-05:00,71.45315284506405,73.33649868882928,71.20406807649525,71.97493743896484,10330000,0.0,0.0,LRCX
2024-01-05 00:00:00-05:00,72.31852091714289,73.074615777995,71.7307734542054,72.1048812866211,8219000,0.0,0.0,LRCX
2024-01-08 00:00:00-05:00,72.49278578054141,74.59567502659061,72.49278578054141,74.54251861572266,10889000,0.0,0.0,LRCX
2024-01-09 00:00:00-05:00,73.47629461019609,74.51100051212508,73.31089158843024,74.0364761352539,5904000,0.0,0.0,LRCX
2024-01-10 00:00:00-05:00,74.20975615732156,74.31411608564605,72.50952456559433,73.80709838867188,8376000,0.0,0.0,LRCX
2024-01-11 00:00:00-05:00,73.7992192260122,74.95699551213396,73.06675433935818,74.84180450439453,7742000,0.0,0.0,LRCX
2024-01-12 00:00:00-05:00,74.89397948547466,75.15191989585418,74.31607909718689,74.78962707519531,4972000,0.0,0.0,LRCX
2024-01-16 00:00:00-05:00,74.2599679050656,75.69832322067349,73.64268651774007,74.9343490600586,6847000,0.0,0.0,LRCX
2024-01-17 00:00:00-05:00,74.1162279325117,74.26095278610963,73.0509965261769,74.12312316894531,9631000,0.0,0.0,LRCX
2024-01-18 00:00:00-05:00,76.387471317135,77.61711428838233,75.98186166775514,77.34736633300781,14863000,0.0,0.0,LRCX
2024-01-19 00:00:00-05:00,78.6301639560557,81.57186099800833,78.24030519844544,81.35133361816406,18628000,0.0,0.0,LRCX
2024-01-22 00:00:00-05:00,81.6279742789976,83.34888397051365,81.48423339556601,82.0621337890625,13652000,0.0,0.0,LRCX
2024-01-23 00:00:00-05:00,81.67522778799766,81.9085541636086,80.873848130945,81.75202178955078,8243000,0.0,0.0,LRCX
2024-01-24 00:00:00-05:00,83.68262651363861,84.53323423729329,82.54651245701115,83.50148010253906,19276000,0.0,0.0,LRCX
2024-01-25 00:00:00-05:00,86.34077589892374,88.61399544112749,85.12984329728684,85.21844482421875,31073000,0.0,0.0,LRCX
2024-01-26 00:00:00-05:00,83.97798259339274,84.66713065238216,82.36635258492338,82.6036148071289,16751000,0.0,0.0,LRCX
2024-01-29 00:00:00-05:00,82.27478595293324,83.37447088888321,82.10742250895285,83.26913452148438,9904000,0.0,0.0,LRCX
2024-01-30 00:00:00-05:00,82.80543785279322,83.68164358740486,81.9075699605306,82.28365325927734,10696000,0.0,0.0,LRCX
2024-01-31 00:00:00-05:00,80.92601748729322,82.48251556665382,80.30283238584123,81.23810577392578,9969000,0.0,0.0,LRCX
2024-02-01 00:00:00-05:00,81.89575300237787,82.31121725275193,81.1268590910362,81.93119812011719,7633000,0.0,0.0,LRCX
2024-02-02 00:00:00-05:00,81.44681453119642,83.32623189324131,81.44681453119642,82.57013702392578,7629000,0.0,0.0,LRCX
2024-02-05 00:00:00-05:00,82.57899767717835,84.4042672712162,81.95876444729426,83.81258392333984,8651000,0.0,0.0,LRCX
2024-02-06 00:00:00-05:00,83.96812074760919,84.41114334909184,81.10321822383045,82.16844940185547,10546000,0.0,0.0,LRCX
2024-02-07 00:00:00-05:00,82.47364812157784,84.46923272795395,82.03061801864358,83.53887176513672,8570000,0.0,0.0,LRCX
2024-02-08 00:00:00-05:00,83.87951547406749,85.61125606404529,83.30259910132068,85.09635925292969,8627000,0.0,0.0,LRCX
2024-02-09 00:00:00-05:00,86.636132906705,89.96572074008193,86.13009919049821,89.74518585205078,18363000,0.0,0.0,LRCX
2024-02-12 00:00:00-05:00,89.14661296965899,90.98959387114192,88.99992020454091,89.39273834228516,12542000,0.0,0.0,LRCX
2024-02-13 00:00:00-05:00,86.17341112022757,88.71539459710094,85.84557195557485,87.87561798095703,12595000,0.0,0.0,LRCX
2024-02-14 00:00:00-05:00,89.45476689691684,91.4572472759293,89.36123804413886,90.15081024169922,11849000,0.0,0.0,LRCX
2024-02-15 00:00:00-05:00,90.35263461733314,90.72575855546323,89.24999013626712,89.96178436279297,8529000,0.0,0.0,LRCX
2024-02-16 00:00:00-05:00,92.58350223025309,94.11735418412803,90.91182067276615,91.16778564453125,13280000,0.0,0.0,LRCX
2024-02-20 00:00:00-05:00,90.46781112975746,91.1067546531712,87.72006705313157,88.64845275878906,10890000,0.0,0.0,LRCX
2024-02-21 00:00:00-05:00,88.11485073923315,88.82369300949614,87.30067209803207,88.7951431274414,7140000,0.0,0.0,LRCX
2024-02-22 00:00:00-05:00,91.55864788213523,93.46168813389488,91.09297905062797,92.9723892211914,12639000,0.0,0.0,LRCX
2024-02-23 00:00:00-05:00,93.24606646096987,93.53255674096708,91.18354225049751,91.41095733642578,6868000,0.0,0.0,LRCX
2024-02-26 00:00:00-05:00,92.20841048526563,93.22736559207394,91.85595727956698,92.42105865478516,6091000,0.0,0.0,LRCX
2024-02-27 00:00:00-05:00,92.5805408823393,92.93988177564745,91.38436782404199,91.6304931640625,6303000,0.0,0.0,LRCX
2024-02-28 00:00:00-05:00,90.30241439377657,90.97778698782986,89.87022280316059,90.83699798583984,6150000,0.0,0.0,LRCX
2024-02-29 00:00:00-05:00,92.19561447265684,92.72231886580248,91.18649893974006,92.370849609375,13084000,0.0,0.0,LRCX
2024-03-01 00:00:00-05:00,93.03538372388577,96.72234422732772,92.90247392972972,96.63176727294922,11111000,0.0,0.0,LRCX
2024-03-04 00:00:00-05:00,97.58082662339025,97.84566225937013,95.83924632978828,96.23698425292969,9016000,0.0,0.0,LRCX
2024-03-05 00:00:00-05:00,95.49565382984744,96.38269057116337,93.71469262289143,94.81732940673828,13083000,0.0,0.0,LRCX
2024-03-06 00:00:00-05:00,96.15428372389555,97.45087341271316,95.71814881478086,96.66425323486328,14329000,0.0,0.0,LRCX
2024-03-07 00:00:00-05:00,97.36817531545586,99.1776863907905,97.25397579534715,97.91555786132812,10974000,0.0,0.0,LRCX
2024-03-08 00:00:00-05:00,97.7334418753911,98.0376509943122,94.09176556168943,94.18234252929688,13313000,0.0,0.0,LRCX
2024-03-11 00:00:00-04:00,92.84931631726892,92.92217447442417,90.63517194362127,91.6767807006836,13267000,0.0,0.0,LRCX
2024-03-12 00:00:00-04:00,92.09807104099623,93.81577481443306,91.55937855494912,93.81084442138672,13512000,0.2,0.0,LRCX
2024-03-13 00:00:00-04:00,92.44733219843276,92.8113984473444,90.8588799762813,91.43111419677734,10080000,0.0,0.0,LRCX
2024-03-14 00:00:00-04:00,92.14542944850169,92.5302184152489,90.4040446572258,91.32949829101562,9964000,0.0,0.0,LRCX
2024-03-15 00:00:00-04:00,89.6719680652266,90.78981232793053,89.34835363781897,89.79135131835938,19745000,0.0,0.0,LRCX
2024-03-18 00:00:00-04:00,91.00686878962757,92.24409639064955,90.76613763695951,91.29003143310547,7510000,0.0,0.0,LRCX
2024-03-19 00:00:00-04:00,90.17613796233785,92.03986420922617,89.69466813487882,91.85931396484375,7029000,0.0,0.0,LRCX
2024-03-20 00:00:00-04:00,91.36105716590708,93.72105172538113,91.1035476486784,93.63817596435547,8493000,0.0,0.0,LRCX
2024-03-21 00:00:00-04:00,96.99465992784387,99.08629811884538,96.29416026903287,96.94237518310547,14078000,0.0,0.0,LRCX
2024-03-22 00:00:00-04:00,97.15745343067053,97.72673689865037,96.29613263961073,96.48162078857422,6901000,0.0,0.0,LRCX
2024-03-25 00:00:00-04:00,94.94052033118685,96.93744239657667,94.94052033118685,95.84624481201172,7405000,0.0,0.0,LRCX
2024-03-26 00:00:00-04:00,96.7381506108383,97.62018663685191,95.3953599449749,95.42890167236328,8589000,0.0,0.0,LRCX
2024-03-27 00:00:00-04:00,95.98041633456958,96.24285625200825,94.20253173569525,95.27498626708984,5896000,0.0,0.0,LRCX
2024-03-28 00:00:00-04:00,95.3035950286648,96.08697044558212,94.87638967451498,95.85708618164062,6639000,0.0,0.0,LRCX
2024-04-01 00:00:00-04:00,95.90247789437139,98.16084619666871,95.8008515842241,96.86541748046875,6514000,0.0,0.0,LRCX
2024-04-02 00:00:00-04:00,95.40620330459288,95.9883133379929,94.4195827635844,95.43876647949219,9071000,0.0,0.0,LRCX
2024-04-03 00:00:00-04:00,94.89808718652415,97.49093167458456,94.71852304441485,96.52798461914062,7302000,0.0,0.0,LRCX
2024-04-04 00:00:00-04:00,97.93096881909655,98.84358828347139,93.1369785694979,93.8897705078125,9919000,0.0,0.0,LRCX
2024-04-05 00:00:00-04:00,95.29767603345488,96.4648543554581,94.76490755645744,95.56209564208984,8048000,0.0,0.0,LRCX
2024-04-08 00:00:00-04:00,96.11066034127572,96.40664200416944,94.80930753214787,95.4318618774414,5609000,0.0,0.0,LRCX
2024-04-09 00:00:00-04:00,96.71939615197715,96.8841616010613,94.520222647524,96.03172302246094,5207000,0.0,0.0,LRCX
2024-04-10 00:00:00-04:00,94.61494044796224,96.19550398558981,94.20746417207302,94.87738037109375,5976000,0.0,0.0,LRCX
2024-04-11 00:00:00-04:00,95.11318869854507,97.20087530694978,94.78267168999105,97.03216552734375,7055000,0.0,0.0,LRCX
2024-04-12 00:00:00-04:00,95.01453064827072,95.62821032367914,93.92628366613202,94.42354583740234,9893000,0.0,0.0,LRCX
2024-04-15 00:00:00-04:00,96.28233243025672,96.81017808545757,92.49469886668028,93.35108184814453,7691000,0.0,0.0,LRCX
2024-04-16 00:00:00-04:00,93.61449845611371,95.33811849978773,93.41125337659112,95.03424072265625,5448000,0.0,0.0,LRCX
2024-04-17 00:00:00-04:00,93.72893963071877,93.97460865655975,89.80811105639972,90.00543212890625,16686000,0.0,0.0,LRCX
2024-04-18 00:00:00-04:00,89.70649171261455,89.71636002519992,87.2557327895273,87.70266723632812,23074000,0.0,0.0,LRCX
2024-04-19 00:00:00-04:00,88.29662467559655,88.76428186298017,85.04175985739882,85.86065673828125,13545000,0.0,0.0,LRCX
2024-04-22 00:00:00-04:00,86.46741623950528,86.69828657056928,84.65005852764594,85.64556121826172,18563000,0.0,0.0,LRCX
2024-04-23 00:00:00-04:00,86.62529703992128,88.23348600739035,85.64853716593886,87.5546875,9823000,0.0,0.0,LRCX
2024-04-24 00:00:00-04:00,89.52003493320825,90.36063309753361,87.04657334803558,87.30506896972656,19491000,0.0,0.0,LRCX
2024-04-25 00:00:00-04:00,89.7163590653258,90.02616084772882,87.47080988228359,88.94087982177734,13093000,0.0,0.0,LRCX
2024-04-26 00:00:00-04:00,88.63799017533354,91.75867308811148,88.58570542636492,91.29891204833984,13971000,0.0,0.0,LRCX
2024-04-29 00:00:00-04:00,90.92102750001108,91.783334383688,90.2856466498564,91.63829803466797,9025000,0.0,0.0,LRCX
2024-04-30 00:00:00-04:00,91.14992072690829,92.20264609805456,88.19696185283027,88.24432373046875,9737000,0.0,0.0,LRCX
2024-05-01 00:00:00-04:00,87.12647998567985,88.78597484948745,85.23907302103734,85.64852142333984,11878000,0.0,0.0,LRCX
2024-05-02 00:00:00-04:00,86.92521642963402,87.33367879745492,85.0555737313124,87.18568420410156,7245000,0.0,0.0,LRCX
2024-05-03 00:00:00-04:00,88.63798878948728,90.04096788308806,88.35680583999319,89.63743591308594,8752000,0.0,0.0,LRCX
2024-05-06 00:00:00-04:00,90.30340503469782,91.31173436207342,89.8387060960498,91.2170181274414,7545000,0.0,0.0,LRCX
2024-05-07 00:00:00-04:00,91.51991143682181,91.75571218525025,90.11200196909355,90.26689910888672,6746000,0.0,0.0,LRCX
2024-05-08 00:00:00-04:00,89.10860421937966,90.17711439189529,88.69718365524706,90.1060791015625,5539000,0.0,0.0,LRCX
2024-05-09 00:00:00-04:00,90.47507092192365,90.47507092192365,88.89055572697218,89.53974914550781,5767000,0.0,0.0,LRCX
2024-05-10 00:00:00-04:00,90.5974194727891,91.87411278924121,90.00347646223149,90.31722259521484,5100000,0.0,0.0,LRCX
2024-05-13 00:00:00-04:00,90.83420982638627,90.83420982638627,89.03757463991862,89.1697769165039,7394000,0.0,0.0,LRCX
2024-05-14 00:00:00-04:00,88.69717778332462,90.17019834546916,88.45249483379695,90.0330581665039,5751000,0.0,0.0,LRCX
2024-05-15 00:00:00-04:00,91.2032000777169,93.57503506217819,90.48493596840365,93.5069580078125,7133000,0.0,0.0,LRCX
2024-05-16 00:00:00-04:00,93.73388007300382,94.22917001890812,92.98898428801098,93.02845001220703,8124000,0.0,0.0,LRCX
2024-05-17 00:00:00-04:00,93.96870604865775,94.20747257969653,89.37007169363274,89.98670959472656,9106000,0.0,0.0,LRCX
2024-05-20 00:00:00-04:00,90.21559833008335,93.72895111539519,90.13074288173806,92.943603515625,6650000,0.0,0.0,LRCX
2024-05-21 00:00:00-04:00,95.86597974469315,96.07021093612535,92.92288874234573,95.1102294921875,14234000,0.0,0.0,LRCX
2024-05-22 00:00:00-04:00,95.82354351650942,95.98633680162672,93.66481437859605,95.28485107421875,8938000,0.0,0.0,LRCX
2024-05-23 00:00:00-04:00,97.79579203554006,97.9378626076214,93.97066570660695,94.53106689453125,10576000,0.0,0.0,LRCX
2024-05-24 00:00:00-04:00,95.11811927132764,96.93942162445805,94.82312367612688,95.75843811035156,7196000,0.0,0.0,LRCX
2024-05-28 00:00:00-04:00,96.19549653945222,96.2665318287935,94.57645348030961,95.82649993896484,9942000,0.0,0.0,LRCX
2024-05-29 00:00:00-04:00,94.47187555944474,94.79844822491287,93.92825269670165,94.04861450195312,8802000,0.0,0.0,LRCX
2024-05-30 00:00:00-04:00,93.92626973651787,94.83198664396008,92.88736447961686,93.79801177978516,10577000,0.0,0.0,LRCX
2024-05-31 00:00:00-04:00,93.60366284625485,93.7013373279793,89.10664720825301,91.9964599609375,15598000,0.0,0.0,LRCX
2024-06-03 00:00:00-04:00,93.43001063960924,93.96475883025737,89.90876143714256,92.31118774414062,6806000,0.0,0.0,LRCX
2024-06-04 00:00:00-04:00,91.95500818630687,92.4433805211721,89.80811948803442,91.03843688964844,6672000,0.0,0.0,LRCX
2024-06-05 00:00:00-04:00,93.61450497552428,95.9547629702023,93.45368384199573,95.87188720703125,11660000,0.0,0.0,LRCX
2024-06-06 00:00:00-04:00,94.91487739049097,96.12545826449887,94.1492588494862,94.93164825439453,8045000,0.0,0.0,LRCX
2024-06-07 00:00:00-04:00,95.92517098414434,95.92517098414434,94.26764809965783,94.98394012451172,5813000,0.0,0.0,LRCX
2024-06-10 00:00:00-04:00,94.24692593120139,99.50067714761875,94.22423107002422,98.9649429321289,10594000,0.0,0.0,LRCX
2024-06-11 00:00:00-04:00,98.56734091919722,98.76071770816434,96.64441989417777,98.63739013671875,7123000,0.0,0.0,LRCX
2024-06-12 00:00:00-04:00,99.78285894483435,102.69733091263471,99.25008293689773,102.37471008300781,15063000,0.0,0.0,LRCX
2024-06-13 00:00:00-04:00,101.34269649799108,103.08210884862368,100.82669140863582,102.46053314208984,9582000,0.0,0.0,LRCX
2024-06-14 00:00:00-04:00,101.12861268196292,102.81277478846944,100.93622196380701,102.21192169189453,6205000,0.0,0.0,LRCX
2024-06-17 00:00:00-04:00,101.62192359271947,105.90286738049423,101.62192359271947,105.73612976074219,10497000,0.0,0.0,LRCX
2024-06-18 00:00:00-04:00,105.86562009730268,108.91009503276838,105.63234222605419,107.70120239257812,11927000,0.2,0.0,LRCX
2024-06-20 00:00:00-04:00,107.93250379838618,108.07780379255077,103.81060532895455,104.90680694580078,14615000,0.0,0.0,LRCX
2024-06-21 00:00:00-04:00,104.77434973350071,105.22904283051588,102.67287321514617,103.82344818115234,16990000,0.0,0.0,LRCX
2024-06-24 00:00:00-04:00,103.58325259860943,104.48473546054774,101.02807077555069,101.26036071777344,10415000,0.0,0.0,LRCX
2024-06-25 00:00:00-04:00,101.29198807559013,104.23564202368378,100.0771679513973,104.07550811767578,9323000,0.0,0.0,LRCX
2024-06-26 00:00:00-04:00,104.1447033632436,105.67880342105526,103.02476899421477,104.35820770263672,8787000,0.0,0.0,LRCX
2024-06-27 00:00:00-04:00,106.3835656632807,107.22474748546676,103.59609413989149,104.36511993408203,9148000,0.0,0.0,LRCX
2024-06-28 00:00:00-04:00,105.27648748313453,107.41849147339266,104.08242129435534,105.25672149658203,12237000,0.0,0.0,LRCX
2024-07-01 00:00:00-04:00,105.00070626322255,105.9555670611527,102.8498109743234,104.83959197998047,6145000,0.0,0.0,LRCX
2024-07-02 00:00:00-04:00,103.68209383596697,106.10383818878512,103.44684013544922,106.04452514648438,5504000,0.0,0.0,LRCX
2024-07-03 00:00:00-04:00,105.76577870570736,107.86033976804997,104.86726719786286,107.02508544921875,4308000,0.0,0.0,LRCX
2024-07-05 00:00:00-04:00,107.77829704690248,108.18455178873147,106.26792230801209,107.5252456665039,5599000,0.0,0.0,LRCX
2024-07-08 00:00:00-04:00,107.58355511600422,109.31040535769353,107.27219372267534,108.89031219482422,7275000,0.0,0.0,LRCX
2024-07-09 00:00:00-04:00,109.33414578502506,110.57763076980291,108.7549065759206,109.9717025756836,6242000,0.0,0.0,LRCX
2024-07-10 00:00:00-04:00,110.31963241927365,111.6471358692138,109.3983836821835,111.42967987060547,7749000,0.0,0.0,LRCX
2024-07-11 00:00:00-04:00,111.67383193289866,111.69656922706838,104.72689852676591,104.7713851928711,13516000,0.0,0.0,LRCX
2024-07-12 00:00:00-04:00,104.47978782533578,108.07878871764765,104.03794523842402,105.74799346923828,9459000,0.0,0.0,LRCX
2024-07-15 00:00:00-04:00,105.74799085656095,106.94304497333498,105.03333090820553,105.67781066894531,7911000,0.0,0.0,LRCX
2024-07-16 00:00:00-04:00,106.3212962609342,106.98554955780274,105.05606194113506,106.35787200927734,6284000,0.0,0.0,LRCX
2024-07-17 00:00:00-04:00,100.73944382307174,100.73944382307174,95.60337887363931,95.65180969238281,21142000,0.0,0.0,LRCX
2024-07-18 00:00:00-04:00,97.28277188939994,97.28277188939994,92.45708835767476,94.16120147705078,16199000,0.0,0.0,LRCX
2024-07-19 00:00:00-04:00,94.84719916136461,95.58458888557523,90.493998762577,90.65313720703125,14103000,0.0,0.0,LRCX
2024-07-22 00:00:00-04:00,93.11342366661525,96.99117695042816,92.0043715669799,96.57898712158203,13319000,0.0,0.0,LRCX
2024-07-23 00:00:00-04:00,95.26432546013824,96.60072787084086,94.49826339059558,94.86202239990234,6710000,0.0,0.0,LRCX
2024-07-24 00:00:00-04:00,93.90420412871269,94.12561939209698,89.83073642821896,89.93749237060547,13159000,0.0,0.0,LRCX
2024-07-25 00:00:00-04:00,90.04127610080609,90.7074976731251,87.17867716113172,87.3921890258789,19318000,0.0,0.0,LRCX
2024-07-26 00:00:00-04:00,89.76253525510049,89.8178890729041,87.87852206366317,88.43206024169922,11679000,0.0,0.0,LRCX
2024-07-29 00:00:00-04:00,89.87026572363351,92.05873212807425,88.05149338619103,88.20470428466797,8251000,0.0,0.0,LRCX
2024-07-30 00:00:00-04:00,88.96187096607791,89.46302657971687,84.36649404680509,84.49993896484375,13399000,0.0,0.0,LRCX
2024-07-31 00:00:00-04:00,88.31937366630935,91.40733982815259,87.03437329212971,91.0613784790039,19419000,0.0,0.0,LRCX
2024-08-01 00:00:00-04:00,84.48906696230797,86.97011688742401,80.317742340115,82.07523345947266,28880000,0.0,0.0,LRCX
2024-08-02 00:00:00-04:00,79.0772252683137,79.61396121084876,74.92567395828398,75.41990661621094,27073000,0.0,0.0,LRCX
2024-08-05 00:00:00-04:00,73.21364446319413,78.46931549184336,71.16949755468002,76.15037536621094,23639000,0.0,0.0,LRCX
2024-08-06 00:00:00-04:00,76.61001371828449,78.58101681727165,75.70260328170886,76.12863159179688,12832000,0.0,0.0,LRCX
2024-08-07 00:00:00-04:00,78.87852893868303,79.39944291981014,73.47853916765308,73.94213104248047,12823000,0.0,0.0,LRCX
2024-08-08 00:00:00-04:00,77.12005615274145,79.19385584283138,75.12335964871161,78.99122619628906,14911000,0.0,0.0,LRCX
2024-08-09 00:00:00-04:00,79.86798765426674,80.69236723272368,78.24294617097422,79.85810089111328,12528000,0.0,0.0,LRCX
2024-08-12 00:00:00-04:00,79.81264182756784,81.30225516636423,78.90127221673274,80.15365600585938,7256000,0.0,0.0,LRCX
2024-08-13 00:00:00-04:00,80.5599108403632,83.25248898094432,80.33651976462856,83.10619354248047,15018000,0.0,0.0,LRCX
2024-08-14 00:00:00-04:00,83.89697586540008,84.68082808326926,81.77078615116912,83.55792999267578,8602000,0.0,0.0,LRCX
2024-08-15 00:00:00-04:00,85.46962528742807,88.47752423756171,84.87654012041297,87.98329162597656,12064000,0.0,0.0,LRCX
2024-08-16 00:00:00-04:00,86.14870089245139,87.12431562466183,85.00801264226622,86.10916137695312,11232000,0.0,0.0,LRCX
2024-08-19 00:00:00-04:00,85.50224562775898,87.17868187658765,83.83173691265344,87.11146545410156,10306000,0.0,0.0,LRCX
2024-08-20 00:00:00-04:00,87.04919714503212,87.1875816806801,84.63832737508008,85.29071807861328,9951000,0.0,0.0,LRCX
2024-08-21 00:00:00-04:00,85.94705242049535,86.68741345251927,85.05150463328428,86.32563781738281,8452000,0.0,0.0,LRCX
2024-08-22 00:00:00-04:00,86.48972195778684,86.6883999146603,82.04261622908778,82.60801696777344,13665000,0.0,0.0,LRCX
2024-08-23 00:00:00-04:00,84.11839439298728,85.21262769765639,82.56551627216031,83.75958251953125,10671000,0.0,0.0,LRCX
2024-08-26 00:00:00-04:00,83.12993062922943,83.36716019080265,80.563874034208,80.9464111328125,11154000,0.0,0.0,LRCX
2024-08-27 00:00:00-04:00,80.13191304468816,81.92894363769726,79.0179138036904,81.09764099121094,8911000,0.0,0.0,LRCX
2024-08-28 00:00:00-04:00,81.04722124525111,81.20735513729504,79.02087216403567,79.58232116699219,11739000,0.0,0.0,LRCX
2024-08-29 00:00:00-04:00,80.89598804685721,81.74211703013792,78.45843703558305,78.81230926513672,12437000,0.0,0.0,LRCX
2024-08-30 00:00:00-04:00,81.40901130385656,81.426801446243,79.37771489766106,81.15398406982422,12427000,0.0,0.0,LRCX
2024-09-03 00:00:00-04:00,79.62680550632815,79.73454936360943,75.27261733762913,75.68875885009766,16690000,0.0,0.0,LRCX
2024-09-04 00:00:00-04:00,74.3849765741296,76.39057197674403,73.42023650578896,75.56224060058594,9434000,0.0,0.0,LRCX
2024-09-05 00:00:00-04:00,74.15960874717982,76.01298113735564,73.90556943103617,74.7200698852539,8197000,0.0,0.0,LRCX
2024-09-06 00:00:00-04:00,74.38398979448954,74.76652689186089,72.17575716429158,72.53655242919922,15530000,0.0,0.0,LRCX
2024-09-09 00:00:00-04:00,73.4320968836926,73.55763088530023,71.46604105724086,72.58399200439453,11506000,0.0,0.0,LRCX
2024-09-10 00:00:00-04:00,73.00210343960676,73.17113617320626,70.83539398757941,72.3121566772461,13518000,0.0,0.0,LRCX
2024-09-11 00:00:00-04:00,72.35565128177203,76.0228638942454,71.40771349523288,75.80045318603516,22202000,0.0,0.0,LRCX
2024-09-12 00:00:00-04:00,75.6511926935705,75.66701453196528,73.4913986318167,73.91545104980469,15075000,0.0,0.0,LRCX
2024-09-13 00:00:00-04:00,74.70721478107994,76.36387741235622,74.53027866309252,76.08414459228516,8713000,0.0,0.0,LRCX
2024-09-16 00:00:00-04:00,74.2792040689157,75.18760225312693,73.64065191706052,74.97211456298828,12521000,0.0,0.0,LRCX
2024-09-17 00:00:00-04:00,76.59713886230728,76.93820690195716,75.05440904903766,75.95069885253906,11458000,0.23,0.0,LRCX
2024-09-18 00:00:00-04:00,77.30505563408903,77.33479857709521,74.62510451715723,74.94237518310547,11523000,0.0,0.0,LRCX
2024-09-19 00:00:00-04:00,78.90133451862178,79.38219898857146,77.64315191438709,78.23406982421875,15943000,0.0,0.0,LRCX
2024-09-20 00:00:00-04:00,76.96300471633323,77.3348066714846,75.50058520560388,76.65961456298828,29262000,0.0,0.0,LRCX
2024-09-23 00:00:00-04:00,77.03833999108942,77.91678550206969,76.66059253627729,77.73931121826172,7389000,0.0,0.0,LRCX
2024-09-24 00:00:00-04:00,78.92115638509927,79.11846436307378,77.47360841680089,78.4313735961914,9895000,0.0,0.0,LRCX
2024-09-25 00:00:00-04:00,78.22712530848942,80.58880728670333,78.15474980469057,79.68954467773438,11680000,0.0,0.0,LRCX
2024-09-26 00:00:00-04:00,85.52237965375498,85.58285646969699,81.79642533834001,84.02723693847656,20680000,0.0,0.0,LRCX
2024-09-27 00:00:00-04:00,84.65285168589703,84.65285168589703,81.37802645664924,82.0066146850586,13895000,0.0,0.0,LRCX
2024-09-30 00:00:00-04:00,81.45832128366304,82.39030711680363,79.72820798131326,80.91202545166016,10983000,0.0,0.0,LRCX
2024-10-01 00:00:00-04:00,81.05381676840486,81.48411368651905,78.015943975942,79.0579833984375,14368000,0.0,0.0,LRCX
2024-10-02 00:00:00-04:00,79.71433156860864,82.32884364657376,79.31476856759232,80.7147216796875,14324000,0.0,0.0,LRCX
2024-10-03 00:00:00-04:00,79.2483444812916,81.41967023168314,79.19876786355496,80.41828155517578,6725800,0.0,10.0,LRCX
2024-10-04 00:00:00-04:00,82.26241710941181,82.38138888518549,79.80356369758486,80.84461212158203,7574100,0.0,0.0,LRCX
2024-10-07 00:00:00-04:00,79.892803441529,80.72563616416163,79.37723384380698,79.92254638671875,7542700,0.0,0.0,LRCX
2024-10-08 00:00:00-04:00,80.01177615260455,80.91401917694374,79.11945752921721,80.31913757324219,6913500,0.0,0.0,LRCX
2024-10-09 00:00:00-04:00,80.07126164209487,82.74823237459773,80.031601863883,82.15335083007812,9078600,0.0,0.0,LRCX
2024-10-10 00:00:00-04:00,80.8446140622614,82.24258541146756,80.32904447376724,81.36017608642578,7159500,0.0,0.0,LRCX
2024-10-11 00:00:00-04:00,80.79503579057084,83.02584736615448,80.58682761790257,82.18309783935547,6530300,0.0,0.0,LRCX
2024-10-14 00:00:00-04:00,83.05559056533033,85.56402060983993,83.04568129350352,84.96913146972656,8155000,0.0,0.0,LRCX
2024-10-15 00:00:00-04:00,85.06829064231363,85.8218038275647,75.26263431822937,75.70879364013672,25611300,0.0,0.0,LRCX
2024-10-16 00:00:00-04:00,76.49205327667208,76.83906690466591,73.24002688119317,73.50772094726562,20469200,0.0,0.0,LRCX
2024-10-17 00:00:00-04:00,75.80793685461256,75.94674230867003,72.407188101545,72.51625061035156,20940600,0.0,0.0,LRCX
2024-10-18 00:00:00-04:00,73.59695618840641,73.59695618840641,71.83213000288654,72.21880340576172,18493400,0.0,0.0,LRCX
2024-10-21 00:00:00-04:00,72.00068596040185,72.47658819578838,71.46529027234476,72.21880340576172,12374900,0.0,0.0,LRCX
2024-10-22 00:00:00-04:00,72.05025389678266,72.78394847516327,70.82083098268876,72.37744140625,13307000,0.0,0.0,LRCX
2024-10-23 00:00:00-04:00,71.7528131633869,72.84343057389059,70.94971590334373,72.23863220214844,20569100,0.0,0.0,LRCX
2024-10-24 00:00:00-04:00,75.53031880712814,76.81923511792048,73.81506933793487,75.9169921875,23196200,0.0,0.0,LRCX
2024-10-25 00:00:00-04:00,76.80932417126392,78.92115645400256,76.42265076124599,77.01753234863281,14591100,0.0,0.0,LRCX
2024-10-28 00:00:00-04:00,76.51188188770827,77.3645482954296,74.53885499743684,74.80654907226562,10175800,0.0,0.0,LRCX
2024-10-29 00:00:00-04:00,75.20313126412864,78.06848403703786,74.79663177716364,77.64215087890625,12540800,0.0,0.0,LRCX
2024-10-30 00:00:00-04:00,76.20451882557826,76.54161558755673,75.2031302464337,75.79801177978516,11076800,0.0,0.0,LRCX
2024-10-31 00:00:00-04:00,75.45101059021685,75.45101059021685,72.8236085244839,73.71593475341797,13044900,0.0,0.0,LRCX
2024-11-01 00:00:00-04:00,73.7258365164601,74.82637071307438,73.42839197952102,74.1620864868164,10317500,0.0,0.0,LRCX
2024-11-04 00:00:00-05:00,73.79525276487112,74.34056532780949,73.13096841680452,73.53746795654297,7773000,0.0,0.0,LRCX
2024-11-05 00:00:00-05:00,73.88447930438711,76.13512465120377,73.88447930438711,75.74845123291016,8004900,0.0,0.0,LRCX
2024-11-06 00:00:00-05:00,77.01753215464998,77.42403167201405,74.58842919380119,76.12520599365234,15034800,0.0,0.0,LRCX
2024-11-07 00:00:00-05:00,77.39429071518421,78.79226966404153,76.69034660463073,78.53448486328125,11523600,0.0,0.0,LRCX
2024-11-08 00:00:00-05:00,78.15772842553906,78.68320730028182,76.80932609275426,77.53309631347656,7527100,0.0,0.0,LRCX
2024-11-11 00:00:00-05:00,76.76966527328462,77.22574141433847,74.21166609733356,75.5204086303711,10306200,0.0,0.0,LRCX
2024-11-12 00:00:00-05:00,75.76826605190838,76.0161339787186,74.0232812934812,75.05440521240234,9672300,0.0,0.0,LRCX
2024-11-13 00:00:00-05:00,73.86465014757223,74.42978877901402,72.88309516966376,73.2201919555664,11618100,0.0,0.0,LRCX
2024-11-14 00:00:00-05:00,74.80654334969381,74.99492540992576,73.86464817719292,74.15217590332031,9993900,0.0,0.0,LRCX
2024-11-15 00:00:00-05:00,71.0389596502003,72.08991739186978,69.39311274635648,69.45260620117188,14577400,0.0,0.0,LRCX
2024-11-18 00:00:00-05:00,69.29396143015602,70.19620437212473,69.04609348754869,69.9681625366211,11520100,0.0,0.0,LRCX
2024-11-19 00:00:00-05:00,69.45260719681572,69.91859261951525,68.96678053645341,69.57157897949219,7445900,0.0,0.0,LRCX
2024-11-20 00:00:00-05:00,69.41294641940492,69.62115460043397,68.28266911420154,69.45260620117188,8816900,0.0,0.0,LRCX
2024-11-21 00:00:00-05:00,70.5828821858927,72.82360308133104,70.2259517209976,72.50633239746094,14509000,0.0,0.0,LRCX
2024-11-22 00:00:00-05:00,71.99077249633089,72.6451399917208,70.98938379781862,72.02051544189453,8666500,0.0,0.0,LRCX
2024-11-25 00:00:00-05:00,73.37883496657747,73.39866107560465,71.02904391952865,73.08139038085938,16714200,0.0,0.0,LRCX
2024-11-26 00:00:00-05:00,73.4779794601054,73.83490993150177,71.38597324999391,72.0700912475586,7385200,0.0,0.0,LRCX
2024-11-27 00:00:00-05:00,72.10974373487683,72.24854917478646,69.81943884770963,70.95963287353516,7846700,0.0,0.0,LRCX
2024-11-29 00:00:00-05:00,73.220196019064,75.12382019226807,73.03182150768228,73.24993896484375,10736500,0.0,0.0,LRCX
2024-12-02 00:00:00-05:00,73.24992758998688,78.18746005959457,73.23010148398917,77.84044647216797,20059300,0.0,0.0,LRCX
2024-12-03 00:00:00-05:00,77.03735653555361,78.02882834457917,76.38298907504813,77.6718978881836,9884600,0.0,0.0,LRCX
2024-12-04 00:00:00-05:00,78.86167310990538,79.14920085869404,76.94813210642423,77.59259033203125,9380400,0.0,0.0,LRCX
2024-12-05 00:00:00-05:00,77.21582387320916,77.21582387320916,74.01337407859353,74.56859588623047,12921600,0.0,0.0,LRCX
2024-12-06 00:00:00-05:00,74.49918990997875,76.0359742146358,74.05303062892578,75.93682098388672,8330000,0.0,0.0,LRCX
2024-12-09 00:00:00-05:00,75.81785159456011,77.58267023105688,75.02467110959697,76.78948974609375,10742200,0.0,0.0,LRCX
2024-12-10 00:00:00-05:00,77.47360528568476,77.58266778804114,73.78532900610752,74.48927307128906,10620100,0.0,0.0,LRCX
2024-12-11 00:00:00-05:00,75.9014878818595,78.28832865048302,75.0163689332434,77.80101776123047,14116900,0.23,0.0,LRCX
2024-12-12 00:00:00-05:00,76.82639857256233,76.9357959930684,74.53900761887358,75.16555786132812,8641500,0.0,0.0,LRCX
2024-12-13 00:00:00-05:00,75.96115687038612,76.89600467711357,75.02631665121636,75.8418197631836,10818700,0.0,0.0,LRCX
2024-12-16 00:00:00-05:00,75.85175527559332,77.70155621067263,74.90696782047051,77.40320587158203,12749600,0.0,0.0,LRCX
2024-12-17 00:00:00-05:00,77.46287917036334,78.30821656427513,76.99545526415532,77.38331604003906,14167900,0.0,0.0,LRCX
2024-12-18 00:00:00-05:00,77.61205861713925,78.87509107163565,74.21081444434631,74.78762817382812,15804700,0.0,0.0,LRCX
2024-12-19 00:00:00-05:00,72.35106756883731,72.51019383369692,69.77527375377524,70.81951141357422,17426400,0.0,0.0,LRCX
2024-12-20 00:00:00-05:00,70.1531938094208,73.06712741592594,69.91451197737726,71.3963394165039,29404500,0.0,0.0,LRCX
2024-12-23 00:00:00-05:00,71.95326367196093,73.58427004368099,71.60518443181792,73.39531707763672,10406700,0.0,0.0,LRCX
2024-12-24 00:00:00-05:00,73.66382982296396,73.76327994596332,72.82843968469977,73.4251480102539,5611700,0.0,0.0,LRCX
2024-12-26 00:00:00-05:00,72.84832664760229,74.15114070980023,72.59969754641592,73.58426666259766,6297400,0.0,0.0,LRCX
2024-12-27 00:00:00-05:00,72.89805506562185,73.35553169855385,72.24167060039899,72.99750518798828,5444100,0.0,0.0,LRCX
2024-12-30 00:00:00-05:00,71.60517741382036,72.19193842004483,70.8791771376271,71.75435638427734,10381700,0.0,0.0,LRCX
2024-12-31 00:00:00-05:00,72.00298166048944,72.40078969812784,71.14769703521192,71.83391571044922,7195200,0.0,0.0,LRCX
2025-01-02 00:00:00-05:00,72.31128647499946,73.51465040751908,71.34660435377053,72.04277038574219,8075100,0.0,0.0,LRCX
2025-01-03 00:00:00-05:00,72.77870334910456,74.86718606766533,72.56985583600421,74.6981201171875,8980100,0.0,0.0,LRCX
2025-01-06 00:00:00-05:00,76.75677490910579,79.71048978700001,76.5777616562771,77.5523910522461,15164600,0.0,0.0,LRCX
2025-01-07 00:00:00-05:00,78.42755785723762,79.70053753696796,76.46835948645746,77.09490203857422,10896600,0.0,0.0,LRCX
2025-01-08 00:00:00-05:00,76.99545959048145,77.32365183084174,75.8219299087104,76.61754608154297,8690800,0.0,0.0,LRCX
2025-01-10 00:00:00-05:00,75.60312889323862,75.81198400186871,73.91245414880888,74.24064636230469,11957600,0.0,0.0,LRCX
2025-01-13 00:00:00-05:00,72.7687606829443,74.17103240110406,72.16210509264853,74.04174041748047,8321800,0.0,0.0,LRCX
2025-01-14 00:00:00-05:00,74.62851236334052,74.71801519826833,73.18645901540845,74.64839935302734,9033100,0.0,0.0,LRCX
2025-01-15 00:00:00-05:00,75.4440112218316,76.84627533544882,75.03625587466185,75.732421875,11085800,0.0,0.0,LRCX
2025-01-16 00:00:00-05:00,78.45739888954392,82.37579596854997,77.88057755137956,78.78559112548828,19156600,0.0,0.0,LRCX
2025-01-17 00:00:00-05:00,80.96358639321221,81.36138689607404,79.16350649126207,79.85967254638672,10351000,0.0,0.0,LRCX
2025-01-21 00:00:00-05:00,80.37681388226623,81.97798586812618,79.48174761881069,81.05308532714844,10978300,0.0,0.0,LRCX
2025-01-22 00:00:00-05:00,81.97798443142906,84.72285172873521,81.96803714324336,82.79348754882812,14716600,0.0,0.0,LRCX
2025-01-23 00:00:00-05:00,80.30719758628246,80.94368746169543,79.01432325884859,80.7845687866211,11383300,0.0,0.0,LRCX
2025-01-24 00:00:00-05:00,81.25199243751312,81.25199243751312,78.54691401687256,79.24307250976562,9091900,0.0,0.0,LRCX
2025-01-27 00:00:00-05:00,76.36891363751371,76.40869520317212,73.00745100873654,75.21527099609375,19881300,0.0,0.0,LRCX
2025-01-28 00:00:00-05:00,74.69812585153485,75.25505259588937,73.19640399437,74.1014175415039,13597700,0.0,0.0,LRCX
2025-01-29 00:00:00-05:00,77.0252905291487,77.06507209482113,74.06163596835239,74.73790740966797,14558900,0.0,0.0,LRCX
2025-01-30 00:00:00-05:00,79.31268592100339,81.63985074361678,77.16452677315264,80.28731536865234,24878500,0.0,0.0,LRCX
2025-01-31 00:00:00-05:00,80.64533428318721,83.75817558892143,80.40665246267884,80.60556030273438,18840900,0.0,0.0,LRCX
2025-02-03 00:00:00-05:00,78.5369634040289,81.11275730628552,78.06953946962818,79.75027465820312,14537700,0.0,0.0,LRCX
2025-02-04 00:00:00-05:00,78.56679581866044,80.13813355604758,78.53696154058669,79.47180938720703,9538800,0.0,0.0,LRCX
2025-02-05 00:00:00-05:00,78.66623897135077,81.65973520296512,78.18887538935059,81.49066925048828,10738000,0.0,0.0,LRCX
2025-02-06 00:00:00-05:00,80.70500563755031,82.60452797506737,80.48621082025815,82.37579345703125,9903200,0.0,0.0,LRCX
2025-02-07 00:00:00-05:00,82.73381707237817,83.05206199890587,81.34149267348545,81.87853240966797,9833600,0.0,0.0,LRCX
2025-02-10 00:00:00-05:00,83.09184551504913,84.20569899028243,82.10726884847404,83.27085876464844,13613100,0.0,0.0,LRCX
2025-02-11 00:00:00-05:00,82.60452844990705,84.03663447128234,82.52497290570899,82.80343627929688,8903400,0.0,0.0,LRCX
2025-02-12 00:00:00-05:00,80.83429288180082,81.68957760448457,80.04862400456538,81.1227035522461,7973000,0.0,0.0,LRCX
2025-02-13 00:00:00-05:00,81.13264658670901,83.20124243950328,81.00335460368582,82.84321594238281,7845900,0.0,0.0,LRCX
2025-02-14 00:00:00-05:00,82.1967840059168,83.15151886297024,81.27188342759031,82.29623413085938,9149500,0.0,0.0,LRCX
2025-02-18 00:00:00-05:00,84.44439166202818,86.33396676308057,82.91283548652532,86.10523223876953,16205500,0.0,0.0,LRCX
2025-02-19 00:00:00-05:00,85.82676320049887,89.30757039145097,85.27977617832626,87.17930603027344,15588000,0.0,0.0,LRCX
2025-02-20 00:00:00-05:00,89.48658749768379,91.21704387991281,88.0743684670144,88.53184509277344,16888400,0.0,0.0,LRCX
2025-02-21 00:00:00-05:00,89.1484460270992,89.72526733771345,85.24994371150342,85.54829406738281,12860900,0.0,0.0,LRCX
2025-02-24 00:00:00-05:00,85.97594230870229,86.23451870492903,82.76365848994733,82.88299560546875,11728700,0.0,0.0,LRCX
2025-02-25 00:00:00-05:00,82.60453094504702,83.24102084320444,79.49169729975965,79.84972381591797,19088100,0.0,0.0,LRCX
2025-02-26 00:00:00-05:00,81.24204780386431,82.47524602536407,80.2077498289568,80.85418701171875,12427500,0.0,0.0,LRCX
2025-02-27 00:00:00-05:00,81.2022648695533,81.71941005451909,75.62302730719101,75.75231170654297,14830200,0.0,0.0,LRCX
2025-02-28 00:00:00-05:00,76.32913063772654,77.7512893361728,74.95670079230837,76.31918334960938,22608300,0.0,0.0,LRCX
2025-03-03 00:00:00-05:00,77.51260752700729,79.31267971060251,74.14119767358629,75.36444854736328,14787100,0.0,0.0,LRCX
2025-03-04 00:00:00-05:00,75.61308051133572,78.03970295000587,73.67377657063324,76.02083587646484,15417700,0.0,0.0,LRCX
2025-03-05 00:00:00-05:00,76.56947345878625,79.21289732348876,75.33254582648802,78.85379028320312,15404800,0.23,0.0,LRCX
2025-03-06 00:00:00-05:00,76.93854732311037,78.37497543057565,75.67170303032873,76.28018951416016,13195500,0.0,0.0,LRCX
2025-03-07 00:00:00-05:00,76.45974578239895,79.29269286257282,75.15299220570932,78.81388854980469,14160300,0.0,0.0,LRCX
2025-03-10 00:00:00-04:00,76.70911919152573,77.18792346648827,72.51953992809142,73.62678527832031,16652700,0.0,0.0,LRCX
2025-03-11 00:00:00-04:00,73.89612391845309,75.20286986243245,72.27016495745448,73.17790985107422,12617500,0.0,0.0,LRCX
2025-03-12 00:00:00-04:00,75.12306547792308,77.46723847103159,74.98341359030688,76.39988708496094,12702100,0.0,0.0,LRCX
2025-03-13 00:00:00-04:00,75.92108507158419,77.0782018338519,74.36495964249897,75.07319641113281,9746200,0.0,0.0,LRCX
2025-03-14 00:00:00-04:00,76.56947255071245,78.88371366596456,76.33006278638973,78.49468231201172,11862000,0.0,0.0,LRCX
2025-03-17 00:00:00-04:00,76.9185975386847,78.94355743847487,76.9185975386847,78.11561584472656,9555200,0.0,0.0,LRCX
2025-03-18 00:00:00-04:00,77.28768125323944,77.64678065386073,75.98092778108348,77.16797637939453,8094700,0.0,0.0,LRCX
2025-03-19 00:00:00-04:00,77.17795708792711,79.2827203137292,76.6692208647468,77.73656463623047,8907200,0.0,0.0,LRCX
2025-03-20 00:00:00-04:00,76.4996474555212,77.90614368687524,76.25026798942336,77.35751342773438,10689100,0.0,0.0,LRCX
2025-03-21 00:00:00-04:00,75.81135516322117,76.18043950049088,75.08316379792069,75.65174865722656,20062000,0.0,0.0,LRCX
2025-03-24 00:00:00-04:00,77.54703016169105,78.5844495671548,77.18792315170526,77.7964096069336,7954800,0.0,0.0,LRCX
2025-03-25 00:00:00-04:00,77.65676451923397,78.17547807256716,77.27771046907309,77.47721099853516,6437300,0.0,0.0,LRCX
2025-03-26 00:00:00-04:00,77.55700828131003,77.66673584720051,74.94350892807894,75.95100402832031,7325600,0.0,0.0,LRCX
2025-03-27 00:00:00-04:00,75.70162679787494,75.8811803100045,74.16544844086815,74.62430572509766,8441800,0.0,0.0,LRCX
2025-03-28 00:00:00-04:00,74.44475412411613,75.11309686503533,72.05071738153838,72.42977142333984,9541500,0.0,0.0,LRCX
2025-03-31 00:00:00-04:00,71.42227836776819,72.66917571221406,70.26516158956026,72.51954650878906,11778100,0.0,0.0,LRCX
2025-04-01 00:00:00-04:00,71.86118335100294,72.66917033507062,70.57438447349637,72.64922332763672,9066200,0.0,0.0,LRCX
2025-04-02 00:00:00-04:00,71.5419785400265,74.61433522087037,71.38237203743138,73.59686279296875,7641400,0.0,0.0,LRCX
2025-04-03 00:00:00-04:00,70.04570217208438,70.37488487747409,64.94838552968129,65.05811309814453,19479400,0.0,0.0,LRCX
2025-04-04 00:00:00-04:00,62.354838017065966,62.91344937298512,57.82610995081211,58.943328857421875,26250900,0.0,0.0,LRCX
2025-04-07 00:00:00-04:00,57.7762297077033,65.93592569495759,56.18020273437443,62.04560852050781,28191400,0.0,0.0,LRCX
2025-04-08 00:00:00-04:00,64.48952853508656,65.94590363790246,58.59419837566691,60.10044860839844,19560800,0.0,0.0,LRCX
2025-04-09 00:00:00-04:00,60.53935664409331,71.6916102610107,59.77126744680413,70.9334945678711,29544700,0.0,0.0,LRCX
2025-04-10 00:00:00-04:00,67.8312088059498,67.8312088059498,63.112950179457464,66.26510620117188,20011800,0.0,0.0,LRCX
2025-04-11 00:00:00-04:00,65.52694977093189,67.79131193385119,64.4197043524972,67.31250762939453,14706200,0.0,0.0,LRCX
2025-04-14 00:00:00-04:00,68.4696215079078,69.18783554498731,66.7439199675788,67.69155883789062,9945000,0.0,0.0,LRCX
2025-04-15 00:00:00-04:00,67.92098140500613,69.36738673988249,67.78132952583967,68.2701187133789,10674200,0.0,0.0,LRCX
2025-04-16 00:00:00-04:00,65.07805989040484,66.65413985906206,62.793746994076024,64.97830963134766,17845300,0.0,0.0,LRCX
2025-04-17 00:00:00-04:00,65.17781032915077,65.21771195497504,63.322430391064024,63.60173416137695,13846200,0.0,0.0,LRCX
2025-04-21 00:00:00-04:00,62.20521362168072,62.51444171927189,60.98824062922132,62.235137939453125,14302900,0.0,0.0,LRCX
2025-04-22 00:00:00-04:00,62.81369725192028,63.86108637845162,62.40471510503396,63.32242965698242,10857300,0.0,0.0,LRCX
2025-04-23 00:00:00-04:00,66.64416484538008,67.8411908266652,66.17533024016102,66.56436920166016,18214700,0.0,0.0,LRCX
2025-04-24 00:00:00-04:00,69.49706402678537,71.03324236811648,67.38233113934682,70.72401428222656,18159400,0.0,0.0,LRCX
2025-04-25 00:00:00-04:00,70.15543077646271,72.1105648090618,70.11552915002717,71.24272155761719,9751500,0.0,0.0,LRCX
2025-04-28 00:00:00-04:00,70.77388546218816,71.76143357203858,69.86614821397674,71.39234924316406,10255000,0.0,0.0,LRCX
2025-04-29 00:00:00-04:00,70.71403697319423,71.48212994908825,70.04570186670966,70.72401428222656,8583800,0.0,0.0,LRCX
2025-04-30 00:00:00-04:00,68.71900512891109,71.66167978724457,68.35989808858098,71.49210357666016,11233900,0.0,0.0,LRCX
2025-05-01 00:00:00-04:00,72.00083614906283,73.34748367643488,71.22277347149041,71.55195617675781,14147600,0.0,0.0,LRCX
2025-05-02 00:00:00-04:00,74.0656955193686,75.30261544155879,73.50708799524207,74.33502197265625,13339400,0.0,0.0,LRCX
2025-05-05 00:00:00-04:00,73.6966153132132,74.71408777233556,73.59686505125892,73.72654724121094,6960800,0.0,0.0,LRCX
2025-05-06 00:00:00-04:00,72.40981633874632,73.69661526535533,72.40981633874632,72.97840881347656,6892700,0.0,0.0,LRCX
2025-05-07 00:00:00-04:00,73.25771369009614,75.1130975088161,72.72903044473803,74.87368774414062,9984700,0.0,0.0,LRCX
2025-05-08 00:00:00-04:00,75.91110681500311,76.23031222238338,74.63428518548203,74.7140884399414,10469400,0.0,0.0,LRCX
2025-05-09 00:00:00-04:00,75.50212582055391,76.11061229628143,74.46470638014071,75.17294311523438,7037000,0.0,0.0,LRCX
2025-05-12 00:00:00-04:00,80.46975748348517,82.34509578051674,80.46975748348517,82.04583740234375,17456900,0.0,0.0,LRCX
2025-05-13 00:00:00-04:00,82.15556532543295,85.56707432129778,82.0458377603212,85.03839111328125,11920200,0.0,0.0,LRCX
2025-05-14 00:00:00-04:00,84.92867044888462,85.82643804981035,84.12068341328013,84.75909423828125,8654500,0.0,0.0,LRCX
2025-05-15 00:00:00-04:00,84.02092889699472,85.04837102866087,83.29273754352215,84.57953643798828,9058000,0.0,0.0,LRCX
2025-05-16 00:00:00-04:00,84.20048145932485,84.25035278323334,82.32514311776579,84.22042846679688,10100400,0.0,0.0,LRCX
2025-05-19 00:00:00-04:00,82.4947233712077,84.24037961337133,82.33512447221906,83.61194610595703,9222300,0.0,0.0,LRCX
2025-05-20 00:00:00-04:00,83.32266433652057,84.14062866462281,82.84386003299873,84.08078002929688,6913300,0.0,0.0,LRCX
2025-05-21 00:00:00-04:00,83.00345884157423,84.56956155139801,82.0258956168333,82.58450317382812,8082700,0.0,0.0,LRCX
2025-05-22 00:00:00-04:00,82.43487527673138,83.61194665502394,81.84634339281374,82.35507202148438,6241600,0.0,0.0,LRCX
2025-05-23 00:00:00-04:00,79.92113355423687,81.18797788579516,79.58197352494535,80.85879516601562,8276700,0.0,0.0,LRCX
2025-05-27 00:00:00-04:00,82.83388371325167,83.91120482473248,82.10569232943855,83.73165130615234,9530200,0.0,0.0,LRCX
2025-05-28 00:00:00-04:00,83.77154926920014,84.81893840638666,83.37254062198086,83.79149627685547,9464100,0.0,0.0,LRCX
2025-05-29 00:00:00-04:00,85.63690314764904,86.04588910602183,83.40246536640204,83.95110321044922,8238500,0.0,0.0,LRCX
2025-05-30 00:00:00-04:00,83.46231074408638,83.60196262431263,79.29268612336487,80.58946228027344,19191600,0.0,0.0,LRCX
2025-06-02 00:00:00-04:00,80.37999073391815,82.32514751065168,80.23036153329465,82.27527618408203,8246300,0.0,0.0,LRCX
2025-06-03 00:00:00-04:00,81.86628946628403,83.80147652640386,81.74658458478086,83.45234680175781,8920700,0.0,0.0,LRCX
2025-06-04 00:00:00-04:00,84.00097800551309,84.82891965511484,83.28276392925409,84.55958557128906,7992200,0.0,0.0,LRCX
2025-06-05 00:00:00-04:00,85.28777349819269,86.12568481287488,84.13064917549026,84.6992416381836,10907700,0.0,0.0,LRCX
2025-06-06 00:00:00-04:00,86.0458929389609,87.36261621287096,85.64688427192145,86.13566589355469,7877800,0.0,0.0,LRCX
2025-06-09 00:00:00-04:00,86.88379986550794,89.1082679339063,86.80399661407282,88.08082580566406,14496200,0.0,0.0,LRCX
2025-06-10 00:00:00-04:00,88.56961061522892,91.14320848894096,88.12072301746582,90.77412414550781,11118900,0.0,0.0,LRCX
2025-06-11 00:00:00-04:00,91.16315344252726,91.76166261559744,89.64692969671898,90.7242431640625,10646500,0.0,0.0,LRCX
2025-06-12 00:00:00-04:00,90.39506803659175,91.67188963485262,90.26538584865595,91.43248748779297,5989700,0.0,0.0,LRCX
2025-06-13 00:00:00-04:00,88.54965217382544,91.00355267056753,87.96112032207701,89.29779052734375,10979000,0.0,0.0,LRCX
2025-06-16 00:00:00-04:00,90.72424574512755,93.34772257091515,90.63447279131869,93.17814636230469,11642100,0.0,0.0,LRCX
2025-06-17 00:00:00-04:00,93.108312768737,94.78414306660451,92.32028036187694,92.43000793457031,10229500,0.0,0.0,LRCX
2025-06-18 00:00:00-04:00,93.05000305175781,93.5999984741211,91.80000305175781,92.23999786376953,9373900,0.23,0.0,LRCX
2025-06-20 00:00:00-04:00,93.05000305175781,93.43000030517578,87.75,90.48999786376953,22925200,0.0,0.0,LRCX
2025-06-23 00:00:00-04:00,91.37000274658203,92.76000213623047,90.29000091552734,91.61000061035156,12551300,0.0,0.0,LRCX
2025-06-24 00:00:00-04:00,93.2300033569336,95.7699966430664,93.2300033569336,95.62999725341797,12838800,0.0,0.0,LRCX
2025-06-25 00:00:00-04:00,96.25,97.37000274658203,95.31999969482422,96.0199966430664,8690500,0.0,0.0,LRCX
2025-06-26 00:00:00-04:00,96.27999877929688,96.93000030517578,95.83999633789062,96.83999633789062,9477500,0.0,0.0,LRCX
2025-06-27 00:00:00-04:00,97.04000091552734,98.0199966430664,96.38999938964844,97.19999694824219,10781000,0.0,0.0,LRCX
2025-06-30 00:00:00-04:00,97.55000305175781,97.66999816894531,96.8499984741211,97.33999633789062,8218300,0.0,0.0,LRCX
2025-07-01 00:00:00-04:00,96.58999633789062,97.31999969482422,94.48999786376953,96.80999755859375,9760300,0.0,0.0,LRCX
2025-07-02 00:00:00-04:00,95.8499984741211,98.94999694824219,95.19999694824219,98.83000183105469,11023000,0.0,0.0,LRCX
2025-07-03 00:00:00-04:00,98.83000183105469,99.5,98.66000366210938,98.80999755859375,5028900,0.0,0.0,LRCX
2025-07-07 00:00:00-04:00,98.36000061035156,98.91999816894531,97.70999908447266,98.13999938964844,7239600,0.0,0.0,LRCX
2025-07-08 00:00:00-04:00,98.83000183105469,100.29000091552734,98.22000122070312,99.83000183105469,9570200,0.0,0.0,LRCX
2025-07-09 00:00:00-04:00,99.80000305175781,101.08999633789062,98.91000366210938,99.80999755859375,7323000,0.0,0.0,LRCX
2025-07-10 00:00:00-04:00,100.91999816894531,101.6500015258789,100.18000030517578,101.05999755859375,6569800,0.0,0.0,LRCX
2025-07-11 00:00:00-04:00,100.33000183105469,102.02999877929688,100.2699966430664,101.7300033569336,6202800,0.0,0.0,LRCX
